{
	"$schema": "http://json-schema.org/draft-04/schema#",
	"properties": {
		"additionalInfo": {
			"additionalProperties": {
				"type": "string"
			},
			"description": "Additional arbitrary info",
			"type": [
				"null",
				"object"
			]
		},
		"date": {
			"description": "A list of dates when the event occured\n\nMIAPPE V1.1 (DM-68) Event date - Date and time of the event.",
			"items": {
				"format": "date-time",
				"type": "string"
			},
			"type": [
				"null",
				"array"
			]
		},
		"eventDbId": {
			"description": "Internal database identifier",
			"type": "string"
		},
		"eventDescription": {
			"description": "A detailed, human-readable description of this event\n\nMIAPPE V1.1 (DM-67) Event description - Description of the event, including details such as amount applied and possibly duration of the event. ",
			"type": [
				"null",
				"string"
			]
		},
		"eventParameters": {
			"description": "A list of objects describing additional event parameters. Each of the following accepts a human-readable value or URI",
			"items": {
				"properties": {
					"key": {
						"description": "Specifies the relationship between the event and the given property. E.g. fertilizer, operator",
						"type": [
							"null",
							"string"
						]
					},
					"rdfValue": {
						"description": "The type of the value given above, e.g. http://xmlns.com/foaf/0.1/Agent",
						"type": [
							"null",
							"string"
						]
					},
					"value": {
						"description": "The value of the property for this event. E.g. nitrogen, John Doe",
						"type": [
							"null",
							"string"
						]
					}
				},
				"type": "object"
			},
			"type": [
				"null",
				"array"
			]
		},
		"eventType": {
			"description": "General category for this event (e.g. Sowing, Watering, Rain). Each eventType should correspond to exactly one eventTypeDbId, if provided.\n\nMIAPPE V1.1 (DM-65) Event type - Short name of the event.",
			"type": "string"
		},
		"eventTypeDbId": {
			"description": "An identifier for this event type, in the form of an ontology class reference\n\nMIAPPE V1.1 (DM-66) Event accession number - Accession number of the event type in a suitable controlled vocabulary (Crop Ontology).",
			"type": [
				"null",
				"string"
			]
		},
		"observationUnitDbIds": {
			"description": "A list of the affected observation units. If this parameter is not given, it is understood that the event affected all units in the study",
			"items": {
				"type": "string"
			},
			"type": [
				"null",
				"array"
			]
		},
		"studyDbId": {
			"description": "The study in which the event occurred",
			"type": [
				"null",
				"string"
			]
		}
	},
	"required": [
		"eventDbId",
		"eventType"
	],
	"title": "Event",
	"type": "object"
}