{
	"$schema": "http://json-schema.org/draft-04/schema#",
	"properties": {
		"additionalInfo": {
			"additionalProperties": {
				"type": "string"
			},
			"description": "Additional arbitrary info",
			"type": [
				"null",
				"object"
			]
		},
		"bibliographicalReference": {
			"description": "Bibliographical reference describing the method.\n\nMIAPPE V1.1 (DM-91) Reference associated to the method - URI/DOI of reference describing the method.",
			"type": [
				"null",
				"string"
			]
		},
		"description": {
			"description": "Method description\n\nMIAPPE V1.1 (DM-90) Method description - Textual description of the method, which may extend a method defined in an external reference with specific parameters, e.g. growth stage, inoculation precise organ (leaf number)",
			"type": [
				"null",
				"string"
			]
		},
		"externalReferences": {
			"description": "An array of external reference ids. These are references to this piece of data in an external system. Could be a simple string or a URI.",
			"items": {
				"properties": {
					"referenceID": {
						"description": "The external reference ID. Could be a simple string or a URI.",
						"type": [
							"null",
							"string"
						]
					},
					"referenceSource": {
						"description": "An identifier for the source system or database of this reference",
						"type": [
							"null",
							"string"
						]
					}
				},
				"type": "object"
			},
			"title": "ExternalReferences",
			"type": [
				"null",
				"array"
			]
		},
		"formula": {
			"description": "For computational methods i.e., when the method consists in assessing the trait by computing measurements, write the generic formula used for the calculation",
			"type": [
				"null",
				"string"
			]
		},
		"methodClass": {
			"description": "Method class (examples: \"Measurement\", \"Counting\", \"Estimation\", \"Computation\", etc.)",
			"type": [
				"null",
				"string"
			]
		},
		"methodDbId": {
			"description": "Method unique identifier",
			"type": [
				"null",
				"string"
			]
		},
		"methodName": {
			"description": "Human readable name for the method\n\nMIAPPE V1.1 (DM-88) Method  Name of the method of observation",
			"type": [
				"null",
				"string"
			]
		},
		"ontologyReference": {
			"description": "MIAPPE V1.1\n\n(DM-85) Variable accession number - Accession number of the variable in the Crop Ontology\n\n(DM-87) Trait accession number - Accession number of the trait in a suitable controlled vocabulary (Crop Ontology, Trait Ontology).\n\n(DM-89) Method accession number - Accession number of the method in a suitable controlled vocabulary (Crop Ontology, Trait Ontology).\n\n(DM-93) Scale accession number - Accession number of the scale in a suitable controlled vocabulary (Crop Ontology).",
			"properties": {
				"documentationLinks": {
					"description": "links to various ontology documentation",
					"items": {
						"properties": {
							"URL": {
								"format": "uri",
								"type": [
									"null",
									"string"
								]
							},
							"type": {
								"enum": [
									"OBO",
									"RDF",
									"WEBPAGE",
									null
								],
								"type": [
									"null",
									"string"
								]
							}
						},
						"type": "object"
					},
					"type": [
						"null",
						"array"
					]
				},
				"ontologyDbId": {
					"description": "Ontology database unique identifier",
					"type": "string"
				},
				"ontologyName": {
					"description": "Ontology name",
					"type": "string"
				},
				"version": {
					"description": "Ontology version (no specific format)",
					"type": [
						"null",
						"string"
					]
				}
			},
			"required": [
				"ontologyName",
				"ontologyDbId"
			],
			"type": [
				"null",
				"object"
			]
		}
	},
	"title": "Method",
	"type": "object"
}