{
	"$schema": "http://json-schema.org/draft-04/schema#",
	"properties": {
		"data": {
			"description": "Matrix of observation data recorded for different observation variables across different observation units",
			"items": {
				"items": {
					"type": "string"
				},
				"type": "array"
			},
			"minItems": 1,
			"type": [
				"null",
				"array"
			]
		},
		"headerRow": {
			"description": "<p>The table is REQUIRED to have the following columns</p>\n<ul>\n  <li>observationUnitDbId - Each row is related to one Observation Unit</li>\n  <li>observationTimeStamp - Each row is has a time stamp for when the observation was taken</li>\n  <li>At least one column with an observationVariableDbId</li>\n</ul>\n<p>The table may have any or all of the following OPTIONAL columns. Included columns are decided by the server developer</p>\n<ul>\n  <li>observationUnitName</li>\n  <li>studyDbId</li>\n  <li>studyName</li>\n  <li>germplasmDbId</li>\n  <li>germplasmName</li>\n  <li>positionCoordinateX</li>\n  <li>positionCoordinateY</li>\n  <li>year</li>\n</ul>\n<p>The table also may have any number of Observation Unit Hierarchy Level columns. For example:</p>\n<ul>\n  <li>field</li>\n  <li>plot</li>\n  <li>sub-plot</li>\n  <li>plant</li>\n  <li>pot</li>\n  <li>block</li>\n  <li>entry</li>\n  <li>rep</li>\n</ul>\n<p>The JSON representation provides a pair of extra arrays for defining the headers of the table. \nThe first array \"headerRow\" will always contain \"observationUnitDbId\" and any or all of the OPTIONAL column header names. \nThe second array \"observationVariables\" contains the names and DbIds for the Observation Variables represented in the table. \nBy appending the two arrays, you can construct the complete header row of the table. </p>",
			"items": {
				"description": "valid header fields",
				"enum": [
					"observationTimeStamp",
					"observationUnitDbId",
					"observationUnitName",
					"studyDbId",
					"studyName",
					"germplasmDbId",
					"germplasmName",
					"positionCoordinateX",
					"positionCoordinateY",
					"year",
					"field",
					"plot",
					"sub-plot",
					"plant",
					"pot",
					"block",
					"entry",
					"rep"
				],
				"type": "string"
			},
			"type": [
				"null",
				"array"
			]
		},
		"observationVariables": {
			"description": "The list of observation variables which have values recorded for them in the data matrix. Append to the 'headerRow' for complete header row of the table.",
			"items": {
				"properties": {
					"observationVariableDbId": {
						"description": "Variable unique identifier",
						"type": [
							"null",
							"string"
						]
					},
					"observationVariableName": {
						"description": "Variable name (usually a short name)",
						"type": [
							"null",
							"string"
						]
					}
				},
				"type": "object"
			},
			"type": [
				"null",
				"array"
			]
		}
	},
	"title": "ObservationTable",
	"type": "object"
}