{
	"$schema": "http://json-schema.org/draft-04/schema#",
	"properties": {
		"additionalInfo": {
			"additionalProperties": {
				"type": "string"
			},
			"description": "Additional arbitrary info",
			"type": [
				"null",
				"object"
			]
		},
		"collector": {
			"description": "The name or identifier of the entity which collected the observation",
			"type": [
				"null",
				"string"
			]
		},
		"externalReferences": {
			"description": "An array of external reference ids. These are references to this piece of data in an external system. Could be a simple string or a URI.",
			"items": {
				"properties": {
					"referenceID": {
						"description": "The external reference ID. Could be a simple string or a URI.",
						"type": [
							"null",
							"string"
						]
					},
					"referenceSource": {
						"description": "An identifier for the source system or database of this reference",
						"type": [
							"null",
							"string"
						]
					}
				},
				"type": "object"
			},
			"title": "ExternalReferences",
			"type": [
				"null",
				"array"
			]
		},
		"germplasmDbId": {
			"description": "The ID which uniquely identifies a germplasm",
			"type": [
				"null",
				"string"
			]
		},
		"germplasmName": {
			"description": "Name of the germplasm. It can be the preferred name and does not have to be unique.",
			"type": [
				"null",
				"string"
			]
		},
		"observationDbId": {
			"description": "The ID which uniquely identifies an observation",
			"type": [
				"null",
				"string"
			]
		},
		"observationTimeStamp": {
			"description": "The date and time when this observation was made",
			"format": "date-time",
			"type": [
				"null",
				"string"
			]
		},
		"observationUnitDbId": {
			"description": "The ID which uniquely identifies an observation unit",
			"type": [
				"null",
				"string"
			]
		},
		"observationUnitName": {
			"description": "A human readable name for an observation unit",
			"type": [
				"null",
				"string"
			]
		},
		"observationVariableDbId": {
			"description": "The ID which uniquely identifies an observation variable",
			"type": [
				"null",
				"string"
			]
		},
		"observationVariableName": {
			"description": "A human readable name for an observation variable",
			"type": [
				"null",
				"string"
			]
		},
		"season": {
			"properties": {
				"season": {
					"description": "Name of the season. ex. 'Spring', 'Q2', 'Season A', etc.",
					"type": [
						"null",
						"string"
					]
				},
				"seasonDbId": {
					"description": "The ID which uniquely identifies a season. For backward compatibility it can be a string like '2012', '1957-2004'",
					"type": "string"
				},
				"year": {
					"description": "The 4 digit year of the season.",
					"type": [
						"null",
						"integer"
					]
				}
			},
			"required": [
				"seasonDbId"
			],
			"type": [
				"null",
				"object"
			]
		},
		"studyDbId": {
			"description": "The ID which uniquely identifies a study within the given database server",
			"type": [
				"null",
				"string"
			]
		},
		"uploadedBy": {
			"description": "The name or id of the user who uploaded the observation to the database system",
			"type": [
				"null",
				"string"
			]
		},
		"value": {
			"description": "The value of the data collected as an observation",
			"type": [
				"null",
				"string"
			]
		}
	},
	"title": "Observation",
	"type": "object"
}