{
	"$schema": "http://json-schema.org/draft-04/schema#",
	"properties": {
		"additionalInfo": {
			"additionalProperties": {
				"type": "string"
			},
			"description": "Additional arbitrary info",
			"type": [
				"null",
				"object"
			]
		},
		"commonCropName": {
			"description": "Crop name (examples: \"Maize\", \"Wheat\")",
			"type": [
				"null",
				"string"
			]
		},
		"contextOfUse": {
			"description": "Indication of how trait is routinely used. (examples: [\"Trial evaluation\", \"Nursery evaluation\"])",
			"items": {
				"type": "string"
			},
			"type": [
				"null",
				"array"
			]
		},
		"defaultValue": {
			"description": "Variable default value. (examples: \"red\", \"2.3\", etc.)",
			"type": [
				"null",
				"string"
			]
		},
		"documentationURL": {
			"description": "A URL to the human readable documentation of this object",
			"format": "uri",
			"type": [
				"null",
				"string"
			]
		},
		"externalReferences": {
			"description": "An array of external reference ids. These are references to this piece of data in an external system. Could be a simple string or a URI.",
			"items": {
				"properties": {
					"referenceID": {
						"description": "The external reference ID. Could be a simple string or a URI.",
						"type": [
							"null",
							"string"
						]
					},
					"referenceSource": {
						"description": "An identifier for the source system or database of this reference",
						"type": [
							"null",
							"string"
						]
					}
				},
				"type": "object"
			},
			"title": "ExternalReferences",
			"type": [
				"null",
				"array"
			]
		},
		"growthStage": {
			"description": "Growth stage at which measurement is made (examples: \"flowering\")",
			"type": [
				"null",
				"string"
			]
		},
		"institution": {
			"description": "Name of institution submitting the variable",
			"type": [
				"null",
				"string"
			]
		},
		"language": {
			"description": "2 letter ISO 639-1 code for the language of submission of the variable.",
			"type": [
				"null",
				"string"
			]
		},
		"method": {
			"properties": {
				"additionalInfo": {
					"additionalProperties": {
						"type": "string"
					},
					"description": "Additional arbitrary info",
					"type": [
						"null",
						"object"
					]
				},
				"bibliographicalReference": {
					"description": "Bibliographical reference describing the method.\n\nMIAPPE V1.1 (DM-91) Reference associated to the method - URI/DOI of reference describing the method.",
					"type": [
						"null",
						"string"
					]
				},
				"description": {
					"description": "Method description\n\nMIAPPE V1.1 (DM-90) Method description - Textual description of the method, which may extend a method defined in an external reference with specific parameters, e.g. growth stage, inoculation precise organ (leaf number)",
					"type": [
						"null",
						"string"
					]
				},
				"externalReferences": {
					"description": "An array of external reference ids. These are references to this piece of data in an external system. Could be a simple string or a URI.",
					"items": {
						"properties": {
							"referenceID": {
								"description": "The external reference ID. Could be a simple string or a URI.",
								"type": [
									"null",
									"string"
								]
							},
							"referenceSource": {
								"description": "An identifier for the source system or database of this reference",
								"type": [
									"null",
									"string"
								]
							}
						},
						"type": "object"
					},
					"title": "ExternalReferences",
					"type": [
						"null",
						"array"
					]
				},
				"formula": {
					"description": "For computational methods i.e., when the method consists in assessing the trait by computing measurements, write the generic formula used for the calculation",
					"type": [
						"null",
						"string"
					]
				},
				"methodClass": {
					"description": "Method class (examples: \"Measurement\", \"Counting\", \"Estimation\", \"Computation\", etc.)",
					"type": [
						"null",
						"string"
					]
				},
				"methodDbId": {
					"description": "Method unique identifier",
					"type": [
						"null",
						"string"
					]
				},
				"methodName": {
					"description": "Human readable name for the method\n\nMIAPPE V1.1 (DM-88) Method  Name of the method of observation",
					"type": [
						"null",
						"string"
					]
				},
				"ontologyReference": {
					"description": "MIAPPE V1.1\n\n(DM-85) Variable accession number - Accession number of the variable in the Crop Ontology\n\n(DM-87) Trait accession number - Accession number of the trait in a suitable controlled vocabulary (Crop Ontology, Trait Ontology).\n\n(DM-89) Method accession number - Accession number of the method in a suitable controlled vocabulary (Crop Ontology, Trait Ontology).\n\n(DM-93) Scale accession number - Accession number of the scale in a suitable controlled vocabulary (Crop Ontology).",
					"properties": {
						"documentationLinks": {
							"description": "links to various ontology documentation",
							"items": {
								"properties": {
									"URL": {
										"format": "uri",
										"type": [
											"null",
											"string"
										]
									},
									"type": {
										"enum": [
											"OBO",
											"RDF",
											"WEBPAGE",
											null
										],
										"type": [
											"null",
											"string"
										]
									}
								},
								"type": "object"
							},
							"type": [
								"null",
								"array"
							]
						},
						"ontologyDbId": {
							"description": "Ontology database unique identifier",
							"type": "string"
						},
						"ontologyName": {
							"description": "Ontology name",
							"type": "string"
						},
						"version": {
							"description": "Ontology version (no specific format)",
							"type": [
								"null",
								"string"
							]
						}
					},
					"required": [
						"ontologyName",
						"ontologyDbId"
					],
					"type": [
						"null",
						"object"
					]
				}
			},
			"type": [
				"null",
				"object"
			]
		},
		"observationVariableDbId": {
			"description": "Variable unique identifier\n\nMIAPPE V1.1 (DM-83) Variable ID - Code used to identify the variable in the data file. We recommend using a variable definition from the Crop Ontology where possible. Otherwise, the Crop Ontology naming convention is recommended: <trait abbreviation>_<method abbreviation>_<scale abbreviation>). A variable ID must be unique within a given investigation.",
			"type": [
				"null",
				"string"
			]
		},
		"observationVariableName": {
			"description": "Variable name (usually a short name)\n\nMIAPPE V1.1 (DM-84) Variable name - Name of the variable.",
			"type": [
				"null",
				"string"
			]
		},
		"ontologyReference": {
			"description": "MIAPPE V1.1\n\n(DM-85) Variable accession number - Accession number of the variable in the Crop Ontology\n\n(DM-87) Trait accession number - Accession number of the trait in a suitable controlled vocabulary (Crop Ontology, Trait Ontology).\n\n(DM-89) Method accession number - Accession number of the method in a suitable controlled vocabulary (Crop Ontology, Trait Ontology).\n\n(DM-93) Scale accession number - Accession number of the scale in a suitable controlled vocabulary (Crop Ontology).",
			"properties": {
				"documentationLinks": {
					"description": "links to various ontology documentation",
					"items": {
						"properties": {
							"URL": {
								"format": "uri",
								"type": [
									"null",
									"string"
								]
							},
							"type": {
								"enum": [
									"OBO",
									"RDF",
									"WEBPAGE",
									null
								],
								"type": [
									"null",
									"string"
								]
							}
						},
						"type": "object"
					},
					"type": [
						"null",
						"array"
					]
				},
				"ontologyDbId": {
					"description": "Ontology database unique identifier",
					"type": "string"
				},
				"ontologyName": {
					"description": "Ontology name",
					"type": "string"
				},
				"version": {
					"description": "Ontology version (no specific format)",
					"type": [
						"null",
						"string"
					]
				}
			},
			"required": [
				"ontologyName",
				"ontologyDbId"
			],
			"type": [
				"null",
				"object"
			]
		},
		"scale": {
			"description": "Scale metadata",
			"properties": {
				"additionalInfo": {
					"additionalProperties": {
						"type": "string"
					},
					"description": "Additional arbitrary info",
					"type": [
						"null",
						"object"
					]
				},
				"dataType": {
					"description": "<p>Class of the scale, entries can be</p>\n<p>\"Code\" -  This scale class is exceptionally used to express complex traits. Code is a nominal scale that combines the expressions of the different traits composing the complex trait. For example a severity trait might be expressed by a 2 digit and 2 character code. The first 2 digits are the percentage of the plant covered by a fungus and the 2 characters refer to the delay in development, e.g. \"75VD\" means \"75 %\" of the plant is infected and the plant is very delayed.</p>\n<p>\"Date\" - The date class is for events expressed in a time format, See ISO 8601</p>\n<p>\"Duration\" - The Duration class is for time elapsed between two events expressed in a time format, e.g. days, hours, months</p>\n<p>\"Nominal\" - Categorical scale that can take one of a limited and fixed number of categories. There is no intrinsic ordering to the categories</p>\n<p>\"Numerical\" - Numerical scales express the trait with real numbers. The numerical scale defines the unit e.g. centimeter, ton per hectare, branches</p>\n<p>\"Ordinal\" - Ordinal scales are scales composed of ordered categories</p>\n<p>\"Text\" - A free text is used to express the trait.</p>",
					"enum": [
						"Code",
						"Date",
						"Duration",
						"Nominal",
						"Numerical",
						"Ordinal",
						"Text",
						null
					],
					"type": [
						"null",
						"string"
					]
				},
				"decimalPlaces": {
					"description": "For numerical, number of decimal places to be reported",
					"type": [
						"null",
						"integer"
					]
				},
				"externalReferences": {
					"description": "An array of external reference ids. These are references to this piece of data in an external system. Could be a simple string or a URI.",
					"items": {
						"properties": {
							"referenceID": {
								"description": "The external reference ID. Could be a simple string or a URI.",
								"type": [
									"null",
									"string"
								]
							},
							"referenceSource": {
								"description": "An identifier for the source system or database of this reference",
								"type": [
									"null",
									"string"
								]
							}
						},
						"type": "object"
					},
					"title": "ExternalReferences",
					"type": [
						"null",
						"array"
					]
				},
				"ontologyReference": {
					"description": "MIAPPE V1.1\n\n(DM-85) Variable accession number - Accession number of the variable in the Crop Ontology\n\n(DM-87) Trait accession number - Accession number of the trait in a suitable controlled vocabulary (Crop Ontology, Trait Ontology).\n\n(DM-89) Method accession number - Accession number of the method in a suitable controlled vocabulary (Crop Ontology, Trait Ontology).\n\n(DM-93) Scale accession number - Accession number of the scale in a suitable controlled vocabulary (Crop Ontology).",
					"properties": {
						"documentationLinks": {
							"description": "links to various ontology documentation",
							"items": {
								"properties": {
									"URL": {
										"format": "uri",
										"type": [
											"null",
											"string"
										]
									},
									"type": {
										"enum": [
											"OBO",
											"RDF",
											"WEBPAGE",
											null
										],
										"type": [
											"null",
											"string"
										]
									}
								},
								"type": "object"
							},
							"type": [
								"null",
								"array"
							]
						},
						"ontologyDbId": {
							"description": "Ontology database unique identifier",
							"type": "string"
						},
						"ontologyName": {
							"description": "Ontology name",
							"type": "string"
						},
						"version": {
							"description": "Ontology version (no specific format)",
							"type": [
								"null",
								"string"
							]
						}
					},
					"required": [
						"ontologyName",
						"ontologyDbId"
					],
					"type": [
						"null",
						"object"
					]
				},
				"scaleDbId": {
					"description": "Unique identifier of the scale. If left blank, the upload system will automatically generate a scale ID.",
					"type": [
						"null",
						"string"
					]
				},
				"scaleName": {
					"description": "Name of the scale\n\nMIAPPE V1.1 (DM-92) Scale Name of the scale associated with the variable",
					"type": [
						"null",
						"string"
					]
				},
				"validValues": {
					"properties": {
						"categories": {
							"description": "List of possible values with optional labels",
							"items": {
								"properties": {
									"label": {
										"description": "A text label for a category",
										"type": [
											"null",
											"string"
										]
									},
									"value": {
										"description": "The actual value for a category",
										"type": [
											"null",
											"string"
										]
									}
								},
								"type": "object"
							},
							"type": [
								"null",
								"array"
							]
						},
						"max": {
							"description": "Maximum value (used for field data capture control).",
							"type": [
								"null",
								"integer"
							]
						},
						"min": {
							"description": "Minimum value (used for data capture control) for numerical and date scales",
							"type": [
								"null",
								"integer"
							]
						}
					},
					"type": [
						"null",
						"object"
					]
				}
			},
			"type": [
				"null",
				"object"
			]
		},
		"scientist": {
			"description": "Name of scientist submitting the variable.",
			"type": [
				"null",
				"string"
			]
		},
		"status": {
			"description": "Variable status. (examples: \"recommended\", \"obsolete\", \"legacy\", etc.)",
			"type": [
				"null",
				"string"
			]
		},
		"submissionTimestamp": {
			"description": "Timestamp when the Variable was added (ISO 8601)",
			"format": "date-time",
			"type": [
				"null",
				"string"
			]
		},
		"synonyms": {
			"description": "Other variable names",
			"items": {
				"type": "string"
			},
			"type": [
				"null",
				"array"
			]
		},
		"trait": {
			"properties": {
				"additionalInfo": {
					"additionalProperties": {
						"type": "string"
					},
					"description": "Additional arbitrary info",
					"type": [
						"null",
						"object"
					]
				},
				"alternativeAbbreviations": {
					"description": "Other frequent abbreviations of the trait, if any. These abbreviations do not have to follow a convention",
					"items": {
						"type": "string"
					},
					"type": [
						"null",
						"array"
					]
				},
				"attribute": {
					"description": "A trait can be decomposed as \"Trait\" = \"Entity\" + \"Attribute\", the attribute is the observed feature (or characteristic) of the entity e.g., for \"grain colour\", attribute = \"colour\"",
					"type": [
						"null",
						"string"
					]
				},
				"entity": {
					"description": "A trait can be decomposed as \"Trait\" = \"Entity\" + \"Attribute\", the entity is the part of the plant that the trait refers to e.g., for \"grain colour\", entity = \"grain\"",
					"type": [
						"null",
						"string"
					]
				},
				"externalReferences": {
					"description": "An array of external reference ids. These are references to this piece of data in an external system. Could be a simple string or a URI.",
					"items": {
						"properties": {
							"referenceID": {
								"description": "The external reference ID. Could be a simple string or a URI.",
								"type": [
									"null",
									"string"
								]
							},
							"referenceSource": {
								"description": "An identifier for the source system or database of this reference",
								"type": [
									"null",
									"string"
								]
							}
						},
						"type": "object"
					},
					"title": "ExternalReferences",
					"type": [
						"null",
						"array"
					]
				},
				"mainAbbreviation": {
					"description": "Main abbreviation for trait name. (examples: \"Carotenoid content\" => \"CC\")",
					"type": [
						"null",
						"string"
					]
				},
				"ontologyReference": {
					"description": "MIAPPE V1.1\n\n(DM-85) Variable accession number - Accession number of the variable in the Crop Ontology\n\n(DM-87) Trait accession number - Accession number of the trait in a suitable controlled vocabulary (Crop Ontology, Trait Ontology).\n\n(DM-89) Method accession number - Accession number of the method in a suitable controlled vocabulary (Crop Ontology, Trait Ontology).\n\n(DM-93) Scale accession number - Accession number of the scale in a suitable controlled vocabulary (Crop Ontology).",
					"properties": {
						"documentationLinks": {
							"description": "links to various ontology documentation",
							"items": {
								"properties": {
									"URL": {
										"format": "uri",
										"type": [
											"null",
											"string"
										]
									},
									"type": {
										"enum": [
											"OBO",
											"RDF",
											"WEBPAGE",
											null
										],
										"type": [
											"null",
											"string"
										]
									}
								},
								"type": "object"
							},
							"type": [
								"null",
								"array"
							]
						},
						"ontologyDbId": {
							"description": "Ontology database unique identifier",
							"type": "string"
						},
						"ontologyName": {
							"description": "Ontology name",
							"type": "string"
						},
						"version": {
							"description": "Ontology version (no specific format)",
							"type": [
								"null",
								"string"
							]
						}
					},
					"required": [
						"ontologyName",
						"ontologyDbId"
					],
					"type": [
						"null",
						"object"
					]
				},
				"status": {
					"description": "Trait status (examples: \"recommended\", \"obsolete\", \"legacy\", etc.)",
					"type": [
						"null",
						"string"
					]
				},
				"synonyms": {
					"description": "Other trait names",
					"items": {
						"type": "string"
					},
					"type": [
						"null",
						"array"
					]
				},
				"traitClass": {
					"description": "Trait class. (examples: \"morphological\", \"phenological\", \"agronomical\", \"physiological\", \"abiotic stress\", \"biotic stress\", \"biochemical\", \"quality traits\", \"fertility\", etc.)",
					"type": [
						"null",
						"string"
					]
				},
				"traitDbId": {
					"description": "The ID which uniquely identifies a trait",
					"type": [
						"null",
						"string"
					]
				},
				"traitDescription": {
					"description": "The description of a trait",
					"type": [
						"null",
						"string"
					]
				},
				"traitName": {
					"description": "The human readable name of a trait\n\nMIAPPE V1.1 (DM-86) Trait - Name of the (plant or environmental) trait under observation",
					"type": [
						"null",
						"string"
					]
				}
			},
			"type": [
				"null",
				"object"
			]
		}
	},
	"title": "ObservationVariable",
	"type": "object"
}