{
	"$schema": "http://json-schema.org/draft-04/schema#",
	"properties": {
		"additionalInfo": {
			"additionalProperties": {
				"type": "string"
			},
			"description": "Additional arbitrary info",
			"type": [
				"null",
				"object"
			]
		},
		"dataType": {
			"description": "<p>Class of the scale, entries can be</p>\n<p>\"Code\" -  This scale class is exceptionally used to express complex traits. Code is a nominal scale that combines the expressions of the different traits composing the complex trait. For example a severity trait might be expressed by a 2 digit and 2 character code. The first 2 digits are the percentage of the plant covered by a fungus and the 2 characters refer to the delay in development, e.g. \"75VD\" means \"75 %\" of the plant is infected and the plant is very delayed.</p>\n<p>\"Date\" - The date class is for events expressed in a time format, See ISO 8601</p>\n<p>\"Duration\" - The Duration class is for time elapsed between two events expressed in a time format, e.g. days, hours, months</p>\n<p>\"Nominal\" - Categorical scale that can take one of a limited and fixed number of categories. There is no intrinsic ordering to the categories</p>\n<p>\"Numerical\" - Numerical scales express the trait with real numbers. The numerical scale defines the unit e.g. centimeter, ton per hectare, branches</p>\n<p>\"Ordinal\" - Ordinal scales are scales composed of ordered categories</p>\n<p>\"Text\" - A free text is used to express the trait.</p>",
			"enum": [
				"Code",
				"Date",
				"Duration",
				"Nominal",
				"Numerical",
				"Ordinal",
				"Text",
				null
			],
			"type": [
				"null",
				"string"
			]
		},
		"decimalPlaces": {
			"description": "For numerical, number of decimal places to be reported",
			"type": [
				"null",
				"integer"
			]
		},
		"externalReferences": {
			"description": "An array of external reference ids. These are references to this piece of data in an external system. Could be a simple string or a URI.",
			"items": {
				"properties": {
					"referenceID": {
						"description": "The external reference ID. Could be a simple string or a URI.",
						"type": [
							"null",
							"string"
						]
					},
					"referenceSource": {
						"description": "An identifier for the source system or database of this reference",
						"type": [
							"null",
							"string"
						]
					}
				},
				"type": "object"
			},
			"title": "ExternalReferences",
			"type": [
				"null",
				"array"
			]
		},
		"ontologyReference": {
			"description": "MIAPPE V1.1\n\n(DM-85) Variable accession number - Accession number of the variable in the Crop Ontology\n\n(DM-87) Trait accession number - Accession number of the trait in a suitable controlled vocabulary (Crop Ontology, Trait Ontology).\n\n(DM-89) Method accession number - Accession number of the method in a suitable controlled vocabulary (Crop Ontology, Trait Ontology).\n\n(DM-93) Scale accession number - Accession number of the scale in a suitable controlled vocabulary (Crop Ontology).",
			"properties": {
				"documentationLinks": {
					"description": "links to various ontology documentation",
					"items": {
						"properties": {
							"URL": {
								"format": "uri",
								"type": [
									"null",
									"string"
								]
							},
							"type": {
								"enum": [
									"OBO",
									"RDF",
									"WEBPAGE",
									null
								],
								"type": [
									"null",
									"string"
								]
							}
						},
						"type": "object"
					},
					"type": [
						"null",
						"array"
					]
				},
				"ontologyDbId": {
					"description": "Ontology database unique identifier",
					"type": "string"
				},
				"ontologyName": {
					"description": "Ontology name",
					"type": "string"
				},
				"version": {
					"description": "Ontology version (no specific format)",
					"type": [
						"null",
						"string"
					]
				}
			},
			"required": [
				"ontologyName",
				"ontologyDbId"
			],
			"type": [
				"null",
				"object"
			]
		},
		"scaleDbId": {
			"description": "Unique identifier of the scale. If left blank, the upload system will automatically generate a scale ID.",
			"type": [
				"null",
				"string"
			]
		},
		"scaleName": {
			"description": "Name of the scale\n\nMIAPPE V1.1 (DM-92) Scale Name of the scale associated with the variable",
			"type": [
				"null",
				"string"
			]
		},
		"validValues": {
			"properties": {
				"categories": {
					"description": "List of possible values with optional labels",
					"items": {
						"properties": {
							"label": {
								"description": "A text label for a category",
								"type": [
									"null",
									"string"
								]
							},
							"value": {
								"description": "The actual value for a category",
								"type": [
									"null",
									"string"
								]
							}
						},
						"type": "object"
					},
					"type": [
						"null",
						"array"
					]
				},
				"max": {
					"description": "Maximum value (used for field data capture control).",
					"type": [
						"null",
						"integer"
					]
				},
				"min": {
					"description": "Minimum value (used for data capture control) for numerical and date scales",
					"type": [
						"null",
						"integer"
					]
				}
			},
			"type": [
				"null",
				"object"
			]
		}
	},
	"title": "Scale",
	"type": "object"
}