{
    "$schema": "http://json-schema.org/draft-04/schema#",
    "properties": {
        "abbreviation": {
            "description": "an abbreviation for the name of this breeding method",
            "type": [
                "null",
                "string"
            ]
        },
        "breedingMethodDbId": {
            "description": "the unique identifier for this breeding method",
            "type": "string"
        },
        "breedingMethodName": {
            "description": "human readable name of the breeding method",
            "type": [
                "null",
                "string"
            ]
        },
        "description": {
            "description": "human readable description of the breeding method",
            "type": [
                "null",
                "string"
            ]
        }
    },
    "required": [
        "abbreviation",
        "breedingMethodDbId",
        "breedingMethodName",
        "description"
    ],
    "title": "BreedingMethod",
    "type": "object"
}