{
    "$schema": "http://json-schema.org/draft-04/schema#",
    "properties": {
        "additionalInfo": {
            "additionalProperties": {
                "type": "string"
            },
            "description": "Additional arbitrary info",
            "type": [
                "null",
                "object"
            ]
        },
        "crossAttributes": {
            "description": "Set of custom attributes associated with a cross",
            "items": {
                "description": "a custom attributes associated with a cross",
                "properties": {
                    "crossAttributeName": {
                        "description": "the human readable name of a cross attribute",
                        "type": [
                            "null",
                            "string"
                        ]
                    },
                    "crossAttributeValue": {
                        "description": "the value of a cross attribute",
                        "type": [
                            "null",
                            "string"
                        ]
                    }
                },
                "required": [
                    "crossAttributeName",
                    "crossAttributeValue"
                ],
                "type": "object"
            },
            "type": [
                "null",
                "array"
            ]
        },
        "crossDbId": {
            "description": "the unique identifier for a cross",
            "type": [
                "null",
                "string"
            ]
        },
        "crossName": {
            "description": "the human readable name for a cross",
            "type": [
                "null",
                "string"
            ]
        },
        "crossType": {
            "description": "the type of cross",
            "enum": [
                "BIPARENTAL",
                "SELF",
                "OPEN_POLLINATED",
                "BULK",
                "BULK_SELFED",
                "BULK_OPEN_POLLINATED",
                "DOUBLE_HAPLOID",
                null
            ],
            "type": [
                "null",
                "string"
            ]
        },
        "crossingProjectDbId": {
            "description": "the unique identifier for a crossing project",
            "type": [
                "null",
                "string"
            ]
        },
        "crossingProjectName": {
            "description": "the human readable name for a crossing project",
            "type": [
                "null",
                "string"
            ]
        },
        "externalReferences": {
            "description": "An array of external reference ids. These are references to this piece of data in an external system. Could be a simple string or a URI.",
            "items": {
                "properties": {
                    "referenceId": {
                        "description": "The external reference ID. Could be a simple string or a URI.",
                        "type": [
                            "null",
                            "string"
                        ]
                    },
                    "referenceSource": {
                        "description": "An identifier for the source system or database of this reference",
                        "type": [
                            "null",
                            "string"
                        ]
                    }
                },
                "required": [
                    "referenceId",
                    "referenceSource"
                ],
                "type": "object"
            },
            "title": "ExternalReferences",
            "type": [
                "null",
                "array"
            ]
        },
        "parent1": {
            "properties": {
                "germplasmDbId": {
                    "description": "the unique identifier for a germplasm",
                    "type": [
                        "null",
                        "string"
                    ]
                },
                "germplasmName": {
                    "description": "the human readable name for a germplasm",
                    "type": [
                        "null",
                        "string"
                    ]
                },
                "observationUnitDbId": {
                    "description": "the unique identifier for an observation unit",
                    "type": [
                        "null",
                        "string"
                    ]
                },
                "observationUnitName": {
                    "description": "the human readable name for an observation unit",
                    "type": [
                        "null",
                        "string"
                    ]
                },
                "parentType": {
                    "description": "The type of parent ex. 'MALE', 'FEMALE', 'SELF', 'POPULATION', etc.",
                    "enum": [
                        "MALE",
                        "FEMALE",
                        "SELF",
                        "POPULATION",
                        null
                    ],
                    "type": [
                        "null",
                        "string"
                    ]
                }
            },
            "required": [
                "germplasmDbId",
                "germplasmName",
                "observationUnitDbId",
                "observationUnitName",
                "parentType"
            ],
            "type": [
                "null",
                "object"
            ]
        },
        "parent2": {
            "properties": {
                "germplasmDbId": {
                    "description": "the unique identifier for a germplasm",
                    "type": [
                        "null",
                        "string"
                    ]
                },
                "germplasmName": {
                    "description": "the human readable name for a germplasm",
                    "type": [
                        "null",
                        "string"
                    ]
                },
                "observationUnitDbId": {
                    "description": "the unique identifier for an observation unit",
                    "type": [
                        "null",
                        "string"
                    ]
                },
                "observationUnitName": {
                    "description": "the human readable name for an observation unit",
                    "type": [
                        "null",
                        "string"
                    ]
                },
                "parentType": {
                    "description": "The type of parent ex. 'MALE', 'FEMALE', 'SELF', 'POPULATION', etc.",
                    "enum": [
                        "MALE",
                        "FEMALE",
                        "SELF",
                        "POPULATION",
                        null
                    ],
                    "type": [
                        "null",
                        "string"
                    ]
                }
            },
            "required": [
                "germplasmDbId",
                "germplasmName",
                "observationUnitDbId",
                "observationUnitName",
                "parentType"
            ],
            "type": [
                "null",
                "object"
            ]
        },
        "plannedCrossDbId": {
            "description": "the unique identifier for a planned cross",
            "type": [
                "null",
                "string"
            ]
        },
        "plannedCrossName": {
            "description": "the human readable name for a planned cross",
            "type": [
                "null",
                "string"
            ]
        },
        "pollinationEvents": {
            "description": "The list of pollination events that occurred for this cross",
            "items": {
                "properties": {
                    "pollinationNumber": {
                        "description": "The unique identifier for this pollination event",
                        "type": [
                            "null",
                            "string"
                        ]
                    },
                    "pollinationSuccessful": {
                        "description": "True if the pollination was successful",
                        "type": [
                            "null",
                            "boolean"
                        ]
                    },
                    "pollinationTimeStamp": {
                        "description": "The timestamp when the pollination took place",
                        "format": "date-time",
                        "type": [
                            "null",
                            "string"
                        ]
                    }
                },
                "required": [
                    "pollinationNumber",
                    "pollinationSuccessful",
                    "pollinationTimeStamp"
                ],
                "type": "object"
            },
            "type": [
                "null",
                "array"
            ]
        }
    },
    "required": [
        "additionalInfo",
        "crossAttributes",
        "crossDbId",
        "crossName",
        "crossType",
        "crossingProjectDbId",
        "crossingProjectName",
        "externalReferences",
        "parent1",
        "parent2",
        "plannedCrossDbId",
        "plannedCrossName",
        "pollinationEvents"
    ],
    "title": "Cross",
    "type": "object"
}