{
    "$schema": "http://json-schema.org/draft-04/schema#",
    "properties": {
        "additionalInfo": {
            "additionalProperties": {
                "type": "string"
            },
            "description": "Additional arbitrary info",
            "type": [
                "null",
                "object"
            ]
        },
        "breedingMethodDbId": {
            "description": "The unique identifier for the breeding method used to create this germplasm",
            "type": [
                "null",
                "string"
            ]
        },
        "breedingMethodName": {
            "description": "The human readable name of the breeding method used to create this germplasm",
            "type": [
                "null",
                "string"
            ]
        },
        "crossingProjectDbId": {
            "description": "The crossing project used to generate this germplasm",
            "type": [
                "null",
                "string"
            ]
        },
        "crossingYear": {
            "description": "The year the parents were originally crossed",
            "type": [
                "null",
                "integer"
            ]
        },
        "defaultDisplayName": {
            "description": "Human readable name used for display purposes",
            "type": [
                "null",
                "string"
            ]
        },
        "externalReferences": {
            "description": "An array of external reference ids. These are references to this piece of data in an external system. Could be a simple string or a URI.",
            "items": {
                "properties": {
                    "referenceId": {
                        "description": "The external reference ID. Could be a simple string or a URI.",
                        "type": [
                            "null",
                            "string"
                        ]
                    },
                    "referenceSource": {
                        "description": "An identifier for the source system or database of this reference",
                        "type": [
                            "null",
                            "string"
                        ]
                    }
                },
                "required": [
                    "referenceId",
                    "referenceSource"
                ],
                "type": "object"
            },
            "title": "ExternalReferences",
            "type": [
                "null",
                "array"
            ]
        },
        "familyCode": {
            "description": "The code representing the family of this germplasm",
            "type": [
                "null",
                "string"
            ]
        },
        "germplasmDbId": {
            "description": "The ID which uniquely identifies a germplasm",
            "type": [
                "null",
                "string"
            ]
        },
        "germplasmName": {
            "description": "A human readable name for a germplasm",
            "type": [
                "null",
                "string"
            ]
        },
        "germplasmPUI": {
            "description": "The Permanent Unique Identifier which represents a germplasm\n\nMIAPPE V1.1 (DM-41) Biological material ID - Code used to identify the biological material in the data file. Should be unique within the Investigation. Can correspond to experimental plant ID, seed lot ID, etc This material identification is different from a BiosampleID which corresponds to Observation Unit or Samples sections below.\n\nMIAPPE V1.1 (DM-51) Material source DOI - Digital Object Identifier (DOI) of the material source\n\nMCPD (v2.1) (PUID) 0. Any persistent, unique identifier assigned to the accession so it can be unambiguously referenced at the global level and the information associated with it harvested through automated means. Report one PUID for each accession. The Secretariat of the International Treaty on Plant Genetic Resources for Food and Agriculture (PGRFA) is facilitating the assignment of a persistent unique identifier (PUID), in the form of a DOI, to PGRFA at the accession level. Genebanks not applying a true PUID to their accessions should use, and request recipients to use, the concatenation of INSTCODE, ACCENUMB, and GENUS as a globally unique identifier similar in most respects to the PUID whenever they exchange information on accessions with third parties.",
            "type": [
                "null",
                "string"
            ]
        },
        "parents": {
            "description": "A list of parent germplasm references in the pedigree tree for this germplasm. These represent edges in the tree, connecting to other nodes.\n<br/> Typically, this array should only have one parent (clonal or self) or two parents (cross). In some special cases, there may be more parents, usually when the exact parent is not known. \n<br/> If the parameter 'includeParents' is set to false, then this array should be empty, null, or not present in the response.",
            "items": {
                "properties": {
                    "germplasmDbId": {
                        "description": "The ID which uniquely identifies a germplasm",
                        "type": "string"
                    },
                    "germplasmName": {
                        "description": "A human readable name for a germplasm",
                        "type": [
                            "null",
                            "string"
                        ]
                    },
                    "parentType": {
                        "description": "The type of parent used during crossing. Accepted values for this field are 'MALE', 'FEMALE', 'SELF', 'POPULATION', and 'CLONAL'. \n\nIn a pedigree record, the 'parentType' describes each parent of a particular germplasm. \n\nIn a progeny record, the 'parentType' is used to describe how this germplasm was crossed to generate a particular progeny. \nFor example, given a record for germplasm A, having a progeny B and C. The 'parentType' field for progeny B item refers \nto the 'parentType' of A toward B. The 'parentType' field for progeny C item refers to the 'parentType' of A toward C.\nIn this way, A could be a male parent to B, but a female parent to C. ",
                        "enum": [
                            "MALE",
                            "FEMALE",
                            "SELF",
                            "POPULATION",
                            "CLONAL"
                        ],
                        "type": "string"
                    }
                },
                "required": [
                    "germplasmDbId",
                    "germplasmName",
                    "parentType"
                ],
                "type": "object"
            },
            "type": [
                "null",
                "array"
            ]
        },
        "pedigreeString": {
            "description": "The string representation of the pedigree for this germplasm in PURDY notation",
            "type": [
                "null",
                "string"
            ]
        },
        "progeny": {
            "description": "A list of germplasm references that are direct children of this germplasm. These represent edges in the tree, connecting to other nodes.\n<br/> The given germplasm could have a large number of progeny, across a number of different breeding methods. The 'parentType' shows \n      the type of parent this germplasm is to each of the child germplasm references.\n<br/> If the parameter 'includeProgeny' is set to false, then this array should be empty, null, or not present in the response.",
            "items": {
                "properties": {
                    "germplasmDbId": {
                        "description": "The ID which uniquely identifies a germplasm",
                        "type": "string"
                    },
                    "germplasmName": {
                        "description": "A human readable name for a germplasm",
                        "type": [
                            "null",
                            "string"
                        ]
                    },
                    "parentType": {
                        "description": "The type of parent used during crossing. Accepted values for this field are 'MALE', 'FEMALE', 'SELF', 'POPULATION', and 'CLONAL'. \n\nIn a pedigree record, the 'parentType' describes each parent of a particular germplasm. \n\nIn a progeny record, the 'parentType' is used to describe how this germplasm was crossed to generate a particular progeny. \nFor example, given a record for germplasm A, having a progeny B and C. The 'parentType' field for progeny B item refers \nto the 'parentType' of A toward B. The 'parentType' field for progeny C item refers to the 'parentType' of A toward C.\nIn this way, A could be a male parent to B, but a female parent to C. ",
                        "enum": [
                            "MALE",
                            "FEMALE",
                            "SELF",
                            "POPULATION",
                            "CLONAL"
                        ],
                        "type": "string"
                    }
                },
                "required": [
                    "germplasmDbId",
                    "germplasmName",
                    "parentType"
                ],
                "type": "object"
            },
            "type": [
                "null",
                "array"
            ]
        },
        "siblings": {
            "description": "A list of sibling germplasm references in the pedigree tree for this germplasm. These represent edges in the tree, connecting to other nodes.\n<br/> Siblings share at least one parent with the given germplasm. \n<br/> If the parameter 'includeSiblings' is set to false, then this array should be empty, null, or not present in the response.",
            "items": {
                "properties": {
                    "germplasmDbId": {
                        "description": "The ID which uniquely identifies a germplasm",
                        "type": "string"
                    },
                    "germplasmName": {
                        "description": "A human readable name for a germplasm",
                        "type": [
                            "null",
                            "string"
                        ]
                    }
                },
                "required": [
                    "germplasmDbId",
                    "germplasmName"
                ],
                "type": "object"
            },
            "type": [
                "null",
                "array"
            ]
        }
    },
    "required": [
        "additionalInfo",
        "breedingMethodDbId",
        "breedingMethodName",
        "crossingProjectDbId",
        "crossingYear",
        "defaultDisplayName",
        "externalReferences",
        "familyCode",
        "germplasmDbId",
        "germplasmName",
        "germplasmPUI",
        "parents",
        "pedigreeString",
        "progeny",
        "siblings"
    ],
    "title": "PedigreeNode",
    "type": "object"
}