{
    "$schema": "http://json-schema.org/draft-04/schema#",
    "properties": {
        "additionalInfo": {
            "additionalProperties": {
                "type": "string"
            },
            "description": "Additional arbitrary info",
            "type": [
                "null",
                "object"
            ]
        },
        "crossType": {
            "description": "the type of cross",
            "enum": [
                "BIPARENTAL",
                "SELF",
                "OPEN_POLLINATED",
                "BULK",
                "BULK_SELFED",
                "BULK_OPEN_POLLINATED",
                "DOUBLE_HAPLOID",
                null
            ],
            "type": [
                "null",
                "string"
            ]
        },
        "crossingProjectDbId": {
            "description": "the unique identifier for a crossing project",
            "type": [
                "null",
                "string"
            ]
        },
        "crossingProjectName": {
            "description": "the human readable name for a crossing project",
            "type": [
                "null",
                "string"
            ]
        },
        "externalReferences": {
            "description": "An array of external reference ids. These are references to this piece of data in an external system. Could be a simple string or a URI.",
            "items": {
                "properties": {
                    "referenceId": {
                        "description": "The external reference ID. Could be a simple string or a URI.",
                        "type": [
                            "null",
                            "string"
                        ]
                    },
                    "referenceSource": {
                        "description": "An identifier for the source system or database of this reference",
                        "type": [
                            "null",
                            "string"
                        ]
                    }
                },
                "required": [
                    "referenceId",
                    "referenceSource"
                ],
                "type": "object"
            },
            "title": "ExternalReferences",
            "type": [
                "null",
                "array"
            ]
        },
        "parent1": {
            "properties": {
                "germplasmDbId": {
                    "description": "the unique identifier for a germplasm",
                    "type": [
                        "null",
                        "string"
                    ]
                },
                "germplasmName": {
                    "description": "the human readable name for a germplasm",
                    "type": [
                        "null",
                        "string"
                    ]
                },
                "observationUnitDbId": {
                    "description": "the unique identifier for an observation unit",
                    "type": [
                        "null",
                        "string"
                    ]
                },
                "observationUnitName": {
                    "description": "the human readable name for an observation unit",
                    "type": [
                        "null",
                        "string"
                    ]
                },
                "parentType": {
                    "description": "The type of parent ex. 'MALE', 'FEMALE', 'SELF', 'POPULATION', etc.",
                    "enum": [
                        "MALE",
                        "FEMALE",
                        "SELF",
                        "POPULATION",
                        null
                    ],
                    "type": [
                        "null",
                        "string"
                    ]
                }
            },
            "required": [
                "germplasmDbId",
                "germplasmName",
                "observationUnitDbId",
                "observationUnitName",
                "parentType"
            ],
            "type": [
                "null",
                "object"
            ]
        },
        "parent2": {
            "properties": {
                "germplasmDbId": {
                    "description": "the unique identifier for a germplasm",
                    "type": [
                        "null",
                        "string"
                    ]
                },
                "germplasmName": {
                    "description": "the human readable name for a germplasm",
                    "type": [
                        "null",
                        "string"
                    ]
                },
                "observationUnitDbId": {
                    "description": "the unique identifier for an observation unit",
                    "type": [
                        "null",
                        "string"
                    ]
                },
                "observationUnitName": {
                    "description": "the human readable name for an observation unit",
                    "type": [
                        "null",
                        "string"
                    ]
                },
                "parentType": {
                    "description": "The type of parent ex. 'MALE', 'FEMALE', 'SELF', 'POPULATION', etc.",
                    "enum": [
                        "MALE",
                        "FEMALE",
                        "SELF",
                        "POPULATION",
                        null
                    ],
                    "type": [
                        "null",
                        "string"
                    ]
                }
            },
            "required": [
                "germplasmDbId",
                "germplasmName",
                "observationUnitDbId",
                "observationUnitName",
                "parentType"
            ],
            "type": [
                "null",
                "object"
            ]
        },
        "plannedCrossDbId": {
            "description": "the unique identifier for a planned cross",
            "type": [
                "null",
                "string"
            ]
        },
        "plannedCrossName": {
            "description": "the human readable name for a planned cross",
            "type": [
                "null",
                "string"
            ]
        },
        "status": {
            "description": "The status of this planned cross. Is it waiting to be performed ('TODO'), has it been completed successfully ('DONE'), or has it not been done on purpose ('SKIPPED').",
            "enum": [
                "TODO",
                "DONE",
                "SKIPPED",
                null
            ],
            "type": [
                "null",
                "string"
            ]
        }
    },
    "required": [
        "additionalInfo",
        "crossType",
        "crossingProjectDbId",
        "crossingProjectName",
        "externalReferences",
        "parent1",
        "parent2",
        "plannedCrossDbId",
        "plannedCrossName",
        "status"
    ],
    "title": "PlannedCross",
    "type": "object"
}