{
    "$schema": "http://json-schema.org/draft-04/schema#",
    "properties": {
        "additionalInfo": {
            "additionalProperties": {
                "type": "string"
            },
            "description": "Additional arbitrary info",
            "type": [
                "null",
                "object"
            ]
        },
        "amount": {
            "description": "The amount of units being transfered. Could be a count (seeds, bulbs, etc) or a weight (kg of seed).",
            "type": [
                "null",
                "number"
            ]
        },
        "externalReferences": {
            "description": "An array of external reference ids. These are references to this piece of data in an external system. Could be a simple string or a URI.",
            "items": {
                "properties": {
                    "referenceId": {
                        "description": "The external reference ID. Could be a simple string or a URI.",
                        "type": [
                            "null",
                            "string"
                        ]
                    },
                    "referenceSource": {
                        "description": "An identifier for the source system or database of this reference",
                        "type": [
                            "null",
                            "string"
                        ]
                    }
                },
                "required": [
                    "referenceId",
                    "referenceSource"
                ],
                "type": "object"
            },
            "title": "ExternalReferences",
            "type": [
                "null",
                "array"
            ]
        },
        "fromSeedLotDbId": {
            "description": "The identifier for the Seed Lot being transfered out of",
            "type": [
                "null",
                "string"
            ]
        },
        "toSeedLotDbId": {
            "description": "The identifier for the Seed Lot being transfered into",
            "type": [
                "null",
                "string"
            ]
        },
        "transactionDbId": {
            "description": "Unique DbId for the Seed Lot Transaction",
            "type": [
                "null",
                "string"
            ]
        },
        "transactionDescription": {
            "description": "A general description of this Seed Lot Transaction",
            "type": [
                "null",
                "string"
            ]
        },
        "transactionTimestamp": {
            "description": "The time stamp for when the transaction occurred",
            "format": "date-time",
            "type": [
                "null",
                "string"
            ]
        },
        "units": {
            "description": "Description of the things being transfered in this transaction (seeds, bulbs, kg, etc)",
            "type": [
                "null",
                "string"
            ]
        }
    },
    "required": [
        "additionalInfo",
        "amount",
        "externalReferences",
        "fromSeedLotDbId",
        "toSeedLotDbId",
        "transactionDbId",
        "transactionDescription",
        "transactionTimestamp",
        "units"
    ],
    "title": "SeedLotTransaction",
    "type": "object"
}