{
    "$schema": "http://json-schema.org/draft-04/schema#",
    "properties": {
        "additionalInfo": {
            "additionalProperties": {
                "type": "string"
            },
            "description": "Additional arbitrary info",
            "type": [
                "null",
                "object"
            ]
        },
        "amount": {
            "description": "Current balance of seeds in this lot. Could be a count (seeds, bulbs, etc) or a weight (kg of seed).",
            "type": [
                "null",
                "number"
            ]
        },
        "contentMixture": {
            "description": "The mixture of germplasm present in the seed lot.\n<br/>\nIf this seed lot only contains a single germplasm, the response should contain the name \nand DbId of that germplasm with a mixturePercentage value of 100\n<br/>\nIf the seed lot contains a mixture of different germplasm, the response should contain \nthe name and DbId every germplasm present. The mixturePercentage field should contain \nthe ratio of each germplasm in the total mixture. All of the mixturePercentage values \nin this array should sum to equal 100.",
            "items": {
                "properties": {
                    "crossDbId": {
                        "description": "The unique DbId for a cross contained in this seed lot",
                        "type": [
                            "null",
                            "string"
                        ]
                    },
                    "crossName": {
                        "description": "The human readable name for a cross contained in this seed lot",
                        "type": [
                            "null",
                            "string"
                        ]
                    },
                    "germplasmDbId": {
                        "description": "The unique DbId of the Germplasm contained in this Seed Lot",
                        "type": [
                            "null",
                            "string"
                        ]
                    },
                    "germplasmName": {
                        "description": "The human readable name of the Germplasm contained in this Seed Lot",
                        "type": [
                            "null",
                            "string"
                        ]
                    },
                    "mixturePercentage": {
                        "description": "The percentage of the given germplasm in the seed lot mixture.",
                        "type": [
                            "null",
                            "integer"
                        ]
                    }
                },
                "required": [
                    "crossDbId",
                    "crossName",
                    "germplasmDbId",
                    "germplasmName",
                    "mixturePercentage"
                ],
                "type": "object"
            },
            "type": [
                "null",
                "array"
            ]
        },
        "createdDate": {
            "description": "The time stamp for when this seed lot was created",
            "format": "date-time",
            "type": [
                "null",
                "string"
            ]
        },
        "externalReferences": {
            "description": "An array of external reference ids. These are references to this piece of data in an external system. Could be a simple string or a URI.",
            "items": {
                "properties": {
                    "referenceId": {
                        "description": "The external reference ID. Could be a simple string or a URI.",
                        "type": [
                            "null",
                            "string"
                        ]
                    },
                    "referenceSource": {
                        "description": "An identifier for the source system or database of this reference",
                        "type": [
                            "null",
                            "string"
                        ]
                    }
                },
                "required": [
                    "referenceId",
                    "referenceSource"
                ],
                "type": "object"
            },
            "title": "ExternalReferences",
            "type": [
                "null",
                "array"
            ]
        },
        "lastUpdated": {
            "description": "The timestamp for the last update to this Seed Lot (including transactions)",
            "format": "date-time",
            "type": [
                "null",
                "string"
            ]
        },
        "locationDbId": {
            "description": "The unique identifier for a Location",
            "type": [
                "null",
                "string"
            ]
        },
        "locationName": {
            "description": "A human readable name for a location",
            "type": [
                "null",
                "string"
            ]
        },
        "programDbId": {
            "description": "The unique DbId of the breeding program this Seed Lot belongs to",
            "type": [
                "null",
                "string"
            ]
        },
        "programName": {
            "description": "The human readable name of the breeding program this Seed Lot belongs to",
            "type": [
                "null",
                "string"
            ]
        },
        "seedLotDbId": {
            "description": "Unique DbId for the Seed Lot",
            "type": [
                "null",
                "string"
            ]
        },
        "seedLotDescription": {
            "description": "A general description of this Seed Lot",
            "type": [
                "null",
                "string"
            ]
        },
        "seedLotName": {
            "description": "A human readable name for this Seed Lot",
            "type": [
                "null",
                "string"
            ]
        },
        "sourceCollection": {
            "description": "The description of the source where this material was originally collected (wild, nursery, etc)",
            "type": [
                "null",
                "string"
            ]
        },
        "storageLocation": {
            "description": "Description the storage location",
            "type": [
                "null",
                "string"
            ]
        },
        "units": {
            "description": "Description of the things being counted in this Seed Lot (seeds, bulbs, kg, tree, etc)",
            "type": [
                "null",
                "string"
            ]
        }
    },
    "required": [
        "additionalInfo",
        "amount",
        "contentMixture",
        "createdDate",
        "externalReferences",
        "lastUpdated",
        "locationDbId",
        "locationName",
        "programDbId",
        "programName",
        "seedLotDbId",
        "seedLotDescription",
        "seedLotName",
        "sourceCollection",
        "storageLocation",
        "units"
    ],
    "title": "SeedLot",
    "type": "object"
}