{
    "$schema": "http://json-schema.org/draft-04/schema#",
    "properties": {
        "additionalInfo": {
            "additionalProperties": {
                "type": "string"
            },
            "type": [
                "null",
                "object"
            ]
        },
        "copyright": {
            "description": "The copyright information of this image. Example 'Copyright 2018 Bob Robertson'",
            "type": [
                "null",
                "string"
            ]
        },
        "description": {
            "description": "The human readable description of an image.",
            "type": [
                "null",
                "string"
            ]
        },
        "descriptiveOntologyTerms": {
            "description": "A list of terms to formally describe the image. Each item could be a simple Tag, an Ontology reference Id, or a full ontology URL.",
            "items": {
                "type": "string"
            },
            "type": [
                "null",
                "array"
            ]
        },
        "externalReferences": {
            "description": "An array of external reference ids. These are references to this piece of data in an external system. Could be a simple string or a URI.",
            "items": {
                "properties": {
                    "referenceId": {
                        "description": "The external reference ID. Could be a simple string or a URI.",
                        "type": [
                            "null",
                            "string"
                        ]
                    },
                    "referenceSource": {
                        "description": "An identifier for the source system or database of this reference",
                        "type": [
                            "null",
                            "string"
                        ]
                    }
                },
                "required": [
                    "referenceId",
                    "referenceSource"
                ],
                "type": "object"
            },
            "title": "ExternalReferences",
            "type": [
                "null",
                "array"
            ]
        },
        "imageDbId": {
            "description": "The unique identifier of an image",
            "type": [
                "null",
                "string"
            ]
        },
        "imageFileName": {
            "description": "The name of the image file. Might be the same as 'imageName', but could be different.",
            "type": [
                "null",
                "string"
            ]
        },
        "imageFileSize": {
            "description": "The size of the image in Bytes.",
            "type": [
                "null",
                "integer"
            ]
        },
        "imageHeight": {
            "description": "The height of the image in Pixels.",
            "type": [
                "null",
                "integer"
            ]
        },
        "imageLocation": {
            "description": "One geometry as defined by GeoJSON (RFC 7946). All coordinates are decimal values on the WGS84 geographic coordinate reference system.\n\nCopied from RFC 7946 Section 3.1.1\n\nA position is an array of numbers. There MUST be two or more elements. The first two elements are longitude and latitude, or\neasting and northing, precisely in that order and using decimal numbers. Altitude or elevation MAY be included as an optional third element.",
            "properties": {
                "geometry": {
                    "description": "A geometry as defined by GeoJSON (RFC 7946). In this context, only Point or Polygon geometry are allowed.",
                    "oneOf": [
                        {
                            "description": "Copied from RFC 7946 Section 3.1.1\n\nA position is an array of numbers. There MUST be two or more elements. The first two elements are longitude and latitude, or\neasting and northing, precisely in that order and using decimal numbers. Altitude or elevation MAY be included as an optional third element.",
                            "properties": {
                                "coordinates": {
                                    "description": "A single position",
                                    "items": {
                                        "type": "number"
                                    },
                                    "minItems": 2,
                                    "type": "array"
                                },
                                "type": {
                                    "default": "Point",
                                    "description": "The literal string \"Point\"",
                                    "type": "string"
                                }
                            },
                            "type": "object"
                        },
                        {
                            "description": "An array of Linear Rings. Each Linear Ring is an array of Points. \n\nA Point is an array of numbers. There MUST be two or more elements. The first two elements are longitude and latitude, or\neasting and northing, precisely in that order and using decimal numbers. Altitude or elevation MAY be included as an optional third element.",
                            "properties": {
                                "coordinates": {
                                    "description": "An array of linear rings",
                                    "items": {
                                        "description": "An array of at least four positions where the first equals the last",
                                        "items": {
                                            "description": "A single position",
                                            "items": {
                                                "type": "number"
                                            },
                                            "minItems": 2,
                                            "type": "array"
                                        },
                                        "minItems": 4,
                                        "type": "array"
                                    },
                                    "type": "array"
                                },
                                "type": {
                                    "default": "Polygon",
                                    "description": "The literal string \"Polygon\"",
                                    "type": "string"
                                }
                            },
                            "type": "object"
                        }
                    ],
                    "title": "GeoJSON Geometry",
                    "type": [
                        "null",
                        "object"
                    ]
                },
                "type": {
                    "default": "Feature",
                    "description": "The literal string \"Feature\"",
                    "type": [
                        "null",
                        "string"
                    ]
                }
            },
            "required": [
                "geometry",
                "type"
            ],
            "title": "GeoJSON",
            "type": [
                "null",
                "object"
            ]
        },
        "imageName": {
            "description": "The human readable name of an image. Might be the same as 'imageFileName', but could be different.",
            "type": [
                "null",
                "string"
            ]
        },
        "imageTimeStamp": {
            "description": "The date and time the image was taken",
            "format": "date-time",
            "type": [
                "null",
                "string"
            ]
        },
        "imageURL": {
            "description": "The complete, absolute URI path to the image file. Images might be stored on a different host or path than the BrAPI web server.",
            "type": [
                "null",
                "string"
            ]
        },
        "imageWidth": {
            "description": "The width of the image in Pixels.",
            "type": [
                "null",
                "integer"
            ]
        },
        "mimeType": {
            "description": "The file type of the image. Examples 'image/jpeg', 'image/png', 'image/svg', etc",
            "pattern": "image/.*",
            "type": [
                "null",
                "string"
            ]
        },
        "observationDbIds": {
            "description": "A list of observation Ids this image is associated with, if applicable.",
            "items": {
                "type": "string"
            },
            "type": [
                "null",
                "array"
            ]
        },
        "observationUnitDbId": {
            "description": "The related observation unit identifier, if relevant.",
            "type": [
                "null",
                "string"
            ]
        }
    },
    "required": [
        "additionalInfo",
        "copyright",
        "description",
        "descriptiveOntologyTerms",
        "externalReferences",
        "imageDbId",
        "imageFileName",
        "imageFileSize",
        "imageHeight",
        "imageLocation",
        "imageName",
        "imageTimeStamp",
        "imageURL",
        "imageWidth",
        "mimeType",
        "observationDbIds",
        "observationUnitDbId"
    ],
    "title": "Image",
    "type": "object"
}