{
    "$schema": "http://json-schema.org/draft-04/schema#",
    "properties": {
        "additionalInfo": {
            "additionalProperties": {
                "type": "string"
            },
            "description": "Additional arbitrary info",
            "type": [
                "null",
                "object"
            ]
        },
        "collector": {
            "description": "The name or identifier of the entity which collected the observation",
            "type": [
                "null",
                "string"
            ]
        },
        "externalReferences": {
            "description": "An array of external reference ids. These are references to this piece of data in an external system. Could be a simple string or a URI.",
            "items": {
                "properties": {
                    "referenceId": {
                        "description": "The external reference ID. Could be a simple string or a URI.",
                        "type": [
                            "null",
                            "string"
                        ]
                    },
                    "referenceSource": {
                        "description": "An identifier for the source system or database of this reference",
                        "type": [
                            "null",
                            "string"
                        ]
                    }
                },
                "required": [
                    "referenceId",
                    "referenceSource"
                ],
                "type": "object"
            },
            "title": "ExternalReferences",
            "type": [
                "null",
                "array"
            ]
        },
        "geoCoordinates": {
            "description": "One geometry as defined by GeoJSON (RFC 7946). All coordinates are decimal values on the WGS84 geographic coordinate reference system.\n\nCopied from RFC 7946 Section 3.1.1\n\nA position is an array of numbers. There MUST be two or more elements. The first two elements are longitude and latitude, or\neasting and northing, precisely in that order and using decimal numbers. Altitude or elevation MAY be included as an optional third element.",
            "properties": {
                "geometry": {
                    "description": "A geometry as defined by GeoJSON (RFC 7946). In this context, only Point or Polygon geometry are allowed.",
                    "oneOf": [
                        {
                            "description": "Copied from RFC 7946 Section 3.1.1\n\nA position is an array of numbers. There MUST be two or more elements. The first two elements are longitude and latitude, or\neasting and northing, precisely in that order and using decimal numbers. Altitude or elevation MAY be included as an optional third element.",
                            "properties": {
                                "coordinates": {
                                    "description": "A single position",
                                    "items": {
                                        "type": "number"
                                    },
                                    "minItems": 2,
                                    "type": "array"
                                },
                                "type": {
                                    "default": "Point",
                                    "description": "The literal string \"Point\"",
                                    "type": "string"
                                }
                            },
                            "type": "object"
                        },
                        {
                            "description": "An array of Linear Rings. Each Linear Ring is an array of Points. \n\nA Point is an array of numbers. There MUST be two or more elements. The first two elements are longitude and latitude, or\neasting and northing, precisely in that order and using decimal numbers. Altitude or elevation MAY be included as an optional third element.",
                            "properties": {
                                "coordinates": {
                                    "description": "An array of linear rings",
                                    "items": {
                                        "description": "An array of at least four positions where the first equals the last",
                                        "items": {
                                            "description": "A single position",
                                            "items": {
                                                "type": "number"
                                            },
                                            "minItems": 2,
                                            "type": "array"
                                        },
                                        "minItems": 4,
                                        "type": "array"
                                    },
                                    "type": "array"
                                },
                                "type": {
                                    "default": "Polygon",
                                    "description": "The literal string \"Polygon\"",
                                    "type": "string"
                                }
                            },
                            "type": "object"
                        }
                    ],
                    "title": "GeoJSON Geometry",
                    "type": [
                        "null",
                        "object"
                    ]
                },
                "type": {
                    "default": "Feature",
                    "description": "The literal string \"Feature\"",
                    "type": [
                        "null",
                        "string"
                    ]
                }
            },
            "required": [
                "geometry",
                "type"
            ],
            "title": "GeoJSON",
            "type": [
                "null",
                "object"
            ]
        },
        "germplasmDbId": {
            "description": "The ID which uniquely identifies a germplasm",
            "type": [
                "null",
                "string"
            ]
        },
        "germplasmName": {
            "description": "Name of the germplasm. It can be the preferred name and does not have to be unique.",
            "type": [
                "null",
                "string"
            ]
        },
        "observationDbId": {
            "description": "The ID which uniquely identifies an observation",
            "type": [
                "null",
                "string"
            ]
        },
        "observationTimeStamp": {
            "description": "The date and time when this observation was made",
            "format": "date-time",
            "type": [
                "null",
                "string"
            ]
        },
        "observationUnitDbId": {
            "description": "The ID which uniquely identifies an observation unit",
            "type": [
                "null",
                "string"
            ]
        },
        "observationUnitName": {
            "description": "A human readable name for an observation unit",
            "type": [
                "null",
                "string"
            ]
        },
        "observationVariableDbId": {
            "description": "The ID which uniquely identifies an observation variable",
            "type": [
                "null",
                "string"
            ]
        },
        "observationVariableName": {
            "description": "A human readable name for an observation variable",
            "type": [
                "null",
                "string"
            ]
        },
        "season": {
            "properties": {
                "seasonDbId": {
                    "description": "The ID which uniquely identifies a season. For backward compatibility it can be a string like '2012', '1957-2004'",
                    "type": "string"
                },
                "seasonName": {
                    "description": "Name of the season. ex. 'Spring', 'Q2', 'Season A', etc.",
                    "type": [
                        "null",
                        "string"
                    ]
                },
                "year": {
                    "description": "The 4 digit year of the season.",
                    "type": [
                        "null",
                        "integer"
                    ]
                }
            },
            "required": [
                "seasonDbId",
                "seasonName",
                "year"
            ],
            "type": [
                "null",
                "object"
            ]
        },
        "studyDbId": {
            "description": "The ID which uniquely identifies a study within the given database server",
            "type": [
                "null",
                "string"
            ]
        },
        "uploadedBy": {
            "description": "The name or id of the user who uploaded the observation to the database system",
            "type": [
                "null",
                "string"
            ]
        },
        "value": {
            "description": "The value of the data collected as an observation",
            "type": [
                "null",
                "string"
            ]
        }
    },
    "required": [
        "additionalInfo",
        "collector",
        "externalReferences",
        "geoCoordinates",
        "germplasmDbId",
        "germplasmName",
        "observationDbId",
        "observationTimeStamp",
        "observationUnitDbId",
        "observationUnitName",
        "observationVariableDbId",
        "observationVariableName",
        "season",
        "studyDbId",
        "uploadedBy",
        "value"
    ],
    "title": "Observation",
    "type": "object"
}