{
    "$schema": "http://json-schema.org/draft-04/schema#",
    "properties": {
        "additionalInfo": {
            "additionalProperties": {
                "type": "string"
            },
            "description": "Additional arbitrary info",
            "type": [
                "null",
                "object"
            ]
        },
        "data": {
            "description": "The DbIds of other objects contained in this List",
            "items": {
                "type": "string"
            },
            "minItems": 1,
            "type": [
                "null",
                "array"
            ]
        },
        "dateCreated": {
            "description": "Timestamp when the entity was first created",
            "format": "date-time",
            "type": [
                "null",
                "string"
            ]
        },
        "dateModified": {
            "description": "Timestamp when the entity was last updated",
            "format": "date-time",
            "type": [
                "null",
                "string"
            ]
        },
        "externalReferences": {
            "description": "An array of external reference ids. These are references to this piece of data in an external system. Could be a simple string or a URI.",
            "items": {
                "properties": {
                    "referenceId": {
                        "description": "The external reference ID. Could be a simple string or a URI.",
                        "type": [
                            "null",
                            "string"
                        ]
                    },
                    "referenceSource": {
                        "description": "An identifier for the source system or database of this reference",
                        "type": [
                            "null",
                            "string"
                        ]
                    }
                },
                "required": [
                    "referenceId",
                    "referenceSource"
                ],
                "type": "object"
            },
            "title": "ExternalReferences",
            "type": [
                "null",
                "array"
            ]
        },
        "listDbId": {
            "description": "The unique identifier for a List",
            "type": [
                "null",
                "string"
            ]
        },
        "listDescription": {
            "description": "Description of a List",
            "type": [
                "null",
                "string"
            ]
        },
        "listName": {
            "description": "Human readable name of a List",
            "type": [
                "null",
                "string"
            ]
        },
        "listOwnerName": {
            "description": "Human readable name of a List Owner. (usually a user or person)",
            "type": [
                "null",
                "string"
            ]
        },
        "listOwnerPersonDbId": {
            "description": "The unique identifier for a List Owner. (usually a user or person)",
            "type": [
                "null",
                "string"
            ]
        },
        "listSize": {
            "description": "The number of elements in a List",
            "type": [
                "null",
                "integer"
            ]
        },
        "listSource": {
            "description": "The description of where a List originated from",
            "type": [
                "null",
                "string"
            ]
        },
        "listType": {
            "enum": [
                "germplasm",
                "markers",
                "variants",
                "programs",
                "trials",
                "studies",
                "observationUnits",
                "observations",
                "observationVariables",
                "samples",
                null
            ],
            "type": [
                "null",
                "string"
            ]
        }
    },
    "required": [
        "additionalInfo",
        "data",
        "dateCreated",
        "dateModified",
        "externalReferences",
        "listDbId",
        "listDescription",
        "listName",
        "listOwnerName",
        "listOwnerPersonDbId",
        "listSize",
        "listSource",
        "listType"
    ],
    "title": "List",
    "type": "object"
}