{
    "$schema": "http://json-schema.org/draft-04/schema#",
    "properties": {
        "abbreviation": {
            "description": "An abbreviation which represents this program",
            "type": [
                "null",
                "string"
            ]
        },
        "additionalInfo": {
            "additionalProperties": {
                "type": "string"
            },
            "description": "Additional arbitrary info",
            "type": [
                "null",
                "object"
            ]
        },
        "commonCropName": {
            "description": "Common name for the crop which this program is for",
            "type": [
                "null",
                "string"
            ]
        },
        "documentationURL": {
            "description": "A URL to the human readable documentation of this object",
            "format": "uri",
            "type": [
                "null",
                "string"
            ]
        },
        "externalReferences": {
            "description": "An array of external reference ids. These are references to this piece of data in an external system. Could be a simple string or a URI.",
            "items": {
                "properties": {
                    "referenceId": {
                        "description": "The external reference ID. Could be a simple string or a URI.",
                        "type": [
                            "null",
                            "string"
                        ]
                    },
                    "referenceSource": {
                        "description": "An identifier for the source system or database of this reference",
                        "type": [
                            "null",
                            "string"
                        ]
                    }
                },
                "required": [
                    "referenceId",
                    "referenceSource"
                ],
                "type": "object"
            },
            "title": "ExternalReferences",
            "type": [
                "null",
                "array"
            ]
        },
        "fundingInformation": {
            "description": "Information describing the grant or funding source for this program",
            "type": [
                "null",
                "string"
            ]
        },
        "leadPersonDbId": {
            "description": "The unique identifier of the program leader",
            "type": [
                "null",
                "string"
            ]
        },
        "leadPersonName": {
            "description": "The name of the program leader",
            "type": [
                "null",
                "string"
            ]
        },
        "objective": {
            "description": "The primary objective of the program",
            "type": [
                "null",
                "string"
            ]
        },
        "programDbId": {
            "description": "The ID which uniquely identifies the program",
            "type": [
                "null",
                "string"
            ]
        },
        "programName": {
            "description": "Human readable name of the program",
            "type": [
                "null",
                "string"
            ]
        },
        "programType": {
            "description": "The type of program entity this object represents\n<br/> 'STANARD' represents a standard, permenant breeding program\n<br/> 'PROJECT' represents a short term project, usually with a set time limit based on funding   ",
            "enum": [
                "STANARD",
                "PROJECT",
                null
            ],
            "type": [
                "null",
                "string"
            ]
        }
    },
    "required": [
        "abbreviation",
        "additionalInfo",
        "commonCropName",
        "documentationURL",
        "externalReferences",
        "fundingInformation",
        "leadPersonDbId",
        "leadPersonName",
        "objective",
        "programDbId",
        "programName",
        "programType"
    ],
    "title": "Program",
    "type": "object"
}