{
	"$schema": "http://json-schema.org/draft-04/schema#",
	"properties": {
		"abbreviation": {
			"description": "An abbreviation which represents this location",
			"type": [
				"null",
				"string"
			]
		},
		"additionalInfo": {
			"additionalProperties": {
				"type": "string"
			},
			"description": "Additional arbitrary info",
			"type": [
				"null",
				"object"
			]
		},
		"coordinateDescription": {
			"description": "Describes the precision and landmarks of the coordinate values used for this location. (ex. the site, the nearest town, a 10 kilometers radius circle, +/- 20 meters, etc)",
			"type": [
				"null",
				"string"
			]
		},
		"coordinateUncertainty": {
			"description": "Uncertainty associated with the coordinates in meters. Leave the value empty if the uncertainty is unknown.",
			"type": [
				"null",
				"string"
			]
		},
		"coordinates": {
			"description": "One geometry as defined by GeoJSON (RFC 7946). All coordinates are decimal values on the WGS84 geographic coordinate reference system.\n\nCopied from RFC 7946 Section 3.1.1\n\nA position is an array of numbers. There MUST be two or more elements. The first two elements are longitude and latitude, or\neasting and northing, precisely in that order and using decimal numbers. Altitude or elevation MAY be included as an optional third element.",
			"properties": {
				"geometry": {
					"description": "A geometry as defined by GeoJSON (RFC 7946). In this context, only Point or Polygon geometry are allowed.",
					"oneOf": [
						{
							"description": "Copied from RFC 7946 Section 3.1.1\n\nA position is an array of numbers. There MUST be two or more elements. The first two elements are longitude and latitude, or\neasting and northing, precisely in that order and using decimal numbers. Altitude or elevation MAY be included as an optional third element.",
							"properties": {
								"coordinates": {
									"description": "A single position",
									"items": {
										"type": "number"
									},
									"minItems": 2,
									"type": "array"
								},
								"type": {
									"default": "Point",
									"description": "The literal string \"Point\"",
									"type": "string"
								}
							},
							"type": "object"
						},
						{
							"description": "An array of Linear Rings. Each Linear Ring is an array of Points. \n\nA Point is an array of numbers. There MUST be two or more elements. The first two elements are longitude and latitude, or\neasting and northing, precisely in that order and using decimal numbers. Altitude or elevation MAY be included as an optional third element.",
							"properties": {
								"coordinates": {
									"description": "An array of linear rings",
									"items": {
										"description": "An array of at least four positions where the first equals the last",
										"items": {
											"description": "A single position",
											"items": {
												"type": "number"
											},
											"minItems": 2,
											"type": "array"
										},
										"minItems": 4,
										"type": "array"
									},
									"type": "array"
								},
								"type": {
									"default": "Polygon",
									"description": "The literal string \"Polygon\"",
									"type": "string"
								}
							},
							"type": "object"
						}
					],
					"title": "GeoJSON Geometry",
					"type": [
						"null",
						"object"
					]
				},
				"type": {
					"default": "Feature",
					"description": "The literal string \"Feature\"",
					"type": [
						"null",
						"string"
					]
				}
			},
			"title": "GeoJSON",
			"type": [
				"null",
				"object"
			]
		},
		"countryCode": {
			"description": " [ISO_3166-1_alpha-3](https://en.wikipedia.org/wiki/ISO_3166-1_alpha-3) spec\nMIAPPE V1.1 (DM-17) Geographic location (country) - The country where the experiment took place, either as a full name or preferably as a 2-letter code.",
			"type": [
				"null",
				"string"
			]
		},
		"countryName": {
			"description": "The full name of the country where this location is\n\nMIAPPE V1.1 (DM-17) Geographic location (country) - The country where the experiment took place, either as a full name or preferably as a 2-letter code.",
			"type": [
				"null",
				"string"
			]
		},
		"documentationURL": {
			"description": "A URL to the human readable documentation of this object",
			"format": "uri",
			"type": [
				"null",
				"string"
			]
		},
		"environmentType": {
			"description": "Describes the general type of environment of the location. (ex. forest, field, nursery, etc)",
			"type": [
				"null",
				"string"
			]
		},
		"exposure": {
			"description": "Describes the level of protection/exposure for things like sun light and wind.",
			"type": [
				"null",
				"string"
			]
		},
		"externalReferences": {
			"description": "An array of external reference ids. These are references to this piece of data in an external system. Could be a simple string or a URI.",
			"items": {
				"properties": {
					"referenceID": {
						"description": "The external reference ID. Could be a simple string or a URI.",
						"type": [
							"null",
							"string"
						]
					},
					"referenceSource": {
						"description": "An identifier for the source system or database of this reference",
						"type": [
							"null",
							"string"
						]
					}
				},
				"type": "object"
			},
			"title": "ExternalReferences",
			"type": [
				"null",
				"array"
			]
		},
		"instituteAddress": {
			"description": "The street address of the institute representing this location\n\nMIAPPE V1.1 (DM-16) Contact institution - Name and address of the institution responsible for the study.",
			"type": [
				"null",
				"string"
			]
		},
		"instituteName": {
			"description": "Each institute/laboratory can have several experimental field\n\nMIAPPE V1.1 (DM-16) Contact institution - Name and address of the institution responsible for the study.",
			"type": [
				"null",
				"string"
			]
		},
		"locationDbId": {
			"description": "The unique identifier for a Location",
			"type": [
				"null",
				"string"
			]
		},
		"locationName": {
			"description": "A human readable name for this location\n\nMIAPPE V1.1 (DM-18) Experimental site name - The name of the natural site, experimental field, greenhouse, phenotyping facility, etc. where the experiment took place.",
			"type": [
				"null",
				"string"
			]
		},
		"locationType": {
			"description": "The type of location this represents (ex. Breeding Location, Storage Location, etc)",
			"type": [
				"null",
				"string"
			]
		},
		"siteStatus": {
			"description": "Description of the accessibility of the location (ex. Public, Private)",
			"type": [
				"null",
				"string"
			]
		},
		"slope": {
			"description": "Describes the approximate slope (height/distance) of the location.",
			"type": [
				"null",
				"string"
			]
		},
		"topography": {
			"description": "Describes the topography of the land at the location. (ex. Plateau, Cirque, Hill, Valley, etc)",
			"type": [
				"null",
				"string"
			]
		}
	},
	"title": "Location",
	"type": "object"
}