{
	"$schema": "http://json-schema.org/draft-04/schema#",
	"properties": {
		"abbreviation": {
			"description": "An abbreviation which represents this program",
			"type": [
				"null",
				"string"
			]
		},
		"additionalInfo": {
			"additionalProperties": {
				"type": "string"
			},
			"description": "Additional arbitrary info",
			"type": [
				"null",
				"object"
			]
		},
		"commonCropName": {
			"description": "Common name for the crop which this program is for",
			"type": [
				"null",
				"string"
			]
		},
		"documentationURL": {
			"description": "A URL to the human readable documentation of this object",
			"format": "uri",
			"type": [
				"null",
				"string"
			]
		},
		"externalReferences": {
			"description": "An array of external reference ids. These are references to this piece of data in an external system. Could be a simple string or a URI.",
			"items": {
				"properties": {
					"referenceID": {
						"description": "The external reference ID. Could be a simple string or a URI.",
						"type": [
							"null",
							"string"
						]
					},
					"referenceSource": {
						"description": "An identifier for the source system or database of this reference",
						"type": [
							"null",
							"string"
						]
					}
				},
				"type": "object"
			},
			"title": "ExternalReferences",
			"type": [
				"null",
				"array"
			]
		},
		"leadPersonDbId": {
			"description": "The unique identifier of the program leader",
			"type": [
				"null",
				"string"
			]
		},
		"leadPersonName": {
			"description": "The name of the program leader",
			"type": [
				"null",
				"string"
			]
		},
		"objective": {
			"description": "The primary objective of the program",
			"type": [
				"null",
				"string"
			]
		},
		"programDbId": {
			"description": "The ID which uniquely identifies the program",
			"type": [
				"null",
				"string"
			]
		},
		"programName": {
			"description": "Human readable name of the program",
			"type": [
				"null",
				"string"
			]
		}
	},
	"title": "Program",
	"type": "object"
}