{
	"$schema": "http://json-schema.org/draft-04/schema#",
	"properties": {
		"calls": {
			"description": "Array of available calls on this server",
			"items": {
				"properties": {
					"dataTypes": {
						"description": "The possible data formats returned by the available call",
						"items": {
							"enum": [
								"application/json",
								"text/csv",
								"text/tsv",
								"application/flapjack"
							],
							"type": "string"
						},
						"type": [
							"null",
							"array"
						]
					},
					"methods": {
						"description": "The possible HTTP Methods to be used with the available call",
						"items": {
							"enum": [
								"GET",
								"POST",
								"PUT",
								"DELETE"
							],
							"type": "string"
						},
						"type": "array"
					},
					"service": {
						"description": "The name of the available call as recorded in the documentation",
						"type": "string"
					},
					"versions": {
						"description": "The supported versions of a particular call",
						"items": {
							"enum": [
								"2.0",
								"2.1",
								"2.2"
							],
							"type": "string"
						},
						"type": "array"
					}
				},
				"required": [
					"service",
					"versions",
					"methods"
				],
				"type": "object"
			},
			"type": "array"
		},
		"contactEmail": {
			"description": "A contact email address for this server management",
			"type": [
				"null",
				"string"
			]
		},
		"documentationURL": {
			"description": "A URL to the human readable documentation of this object",
			"type": [
				"null",
				"string"
			]
		},
		"location": {
			"description": "Physical location of this server (ie. City, Country)",
			"type": [
				"null",
				"string"
			]
		},
		"organizationName": {
			"description": "The name of the organization that manages this server and data",
			"type": [
				"null",
				"string"
			]
		},
		"organizationURL": {
			"description": "The URL of the organization that manages this server and data",
			"type": [
				"null",
				"string"
			]
		},
		"serverDescription": {
			"description": "A description of this server",
			"type": [
				"null",
				"string"
			]
		},
		"serverName": {
			"description": "The name of this server",
			"type": [
				"null",
				"string"
			]
		}
	},
	"required": [
		"calls"
	],
	"title": "ServerInfo",
	"type": "object"
}