{
	"$schema": "http://json-schema.org/draft-04/schema#",
	"properties": {
		"additionalInfo": {
			"additionalProperties": {
				"type": "string"
			},
			"description": "Additional arbitrary info",
			"type": [
				"null",
				"object"
			]
		},
		"commonCropName": {
			"description": "the common name of a crop (for multi-crop systems)",
			"type": [
				"null",
				"string"
			]
		},
		"crossingProjectDbId": {
			"description": "the unique identifier for a crossing project",
			"type": [
				"null",
				"string"
			]
		},
		"crossingProjectDescription": {
			"description": "the description for a crossing project",
			"type": [
				"null",
				"string"
			]
		},
		"crossingProjectName": {
			"description": "the human readable name for a crossing project",
			"type": [
				"null",
				"string"
			]
		},
		"externalReferences": {
			"description": "An array of external reference ids. These are references to this piece of data in an external system. Could be a simple string or a URI.",
			"items": {
				"properties": {
					"referenceID": {
						"description": "The external reference ID. Could be a simple string or a URI.",
						"type": [
							"null",
							"string"
						]
					},
					"referenceSource": {
						"description": "An identifier for the source system or database of this reference",
						"type": [
							"null",
							"string"
						]
					}
				},
				"type": "object"
			},
			"title": "ExternalReferences",
			"type": [
				"null",
				"array"
			]
		},
		"programDbId": {
			"description": "the unique identifier for a program",
			"type": [
				"null",
				"string"
			]
		},
		"programName": {
			"description": "the human readable name for a program",
			"type": [
				"null",
				"string"
			]
		}
	},
	"title": "CrossingProject",
	"type": "object"
}