{
	"$schema": "http://json-schema.org/draft-04/schema#",
	"properties": {
		"crossingProjectDbId": {
			"description": "The crossing project used to generate this germplasm",
			"type": [
				"null",
				"string"
			]
		},
		"crossingYear": {
			"description": "The year the parents were originally crossed",
			"type": [
				"null",
				"integer"
			]
		},
		"familyCode": {
			"description": "The code representing the family",
			"type": [
				"null",
				"string"
			]
		},
		"germplasmDbId": {
			"description": "The ID which uniquely identifies a germplasm",
			"type": "string"
		},
		"germplasmName": {
			"description": "A human readable name for a germplasm",
			"type": [
				"null",
				"string"
			]
		},
		"parents": {
			"description": "List of parent nodes in the pedigree tree.",
			"items": {
				"properties": {
					"germplasmDbId": {
						"description": "The germplasm DbId of the parent of this germplasm",
						"type": [
							"null",
							"string"
						]
					},
					"germplasmName": {
						"description": "the human readable name of the parent of this germplasm",
						"type": [
							"null",
							"string"
						]
					},
					"parentType": {
						"description": "The type of parent the parent is. ex. 'MALE', 'FEMALE', 'SELF', 'POPULATION', etc.",
						"enum": [
							"MALE",
							"FEMALE",
							"SELF",
							"POPULATION",
							null
						],
						"type": [
							"null",
							"string"
						]
					}
				},
				"type": "object"
			},
			"type": [
				"null",
				"array"
			]
		},
		"pedigree": {
			"description": "The string representation of the pedigree.",
			"type": [
				"null",
				"string"
			]
		},
		"siblings": {
			"description": "List of sibling germplasm",
			"items": {
				"properties": {
					"germplasmDbId": {
						"description": "the germplasm DbId of the sibling",
						"type": [
							"null",
							"string"
						]
					},
					"germplasmName": {
						"description": "the germplasm name of the sibling",
						"type": [
							"null",
							"string"
						]
					}
				},
				"type": "object"
			},
			"type": [
				"null",
				"array"
			]
		}
	},
	"required": [
		"germplasmDbId"
	],
	"title": "GermplasmPedigree",
	"type": "object"
}