{
	"$schema": "http://json-schema.org/draft-04/schema#",
	"properties": {
		"additionalInfo": {
			"additionalProperties": {
				"type": "string"
			},
			"description": "Additional arbitrary info",
			"type": [
				"null",
				"object"
			]
		},
		"attributeDbId": {
			"description": "The ID which uniquely identifies this attribute within the given database server",
			"type": [
				"null",
				"string"
			]
		},
		"attributeName": {
			"description": "A human readable name for this attribute",
			"type": [
				"null",
				"string"
			]
		},
		"attributeValueDbId": {
			"description": "The ID which uniquely identifies this attribute value within the given database server",
			"type": [
				"null",
				"string"
			]
		},
		"determinedDate": {
			"description": "The date the value of this attribute was determined for a given germplasm",
			"format": "date-time",
			"type": [
				"null",
				"string"
			]
		},
		"externalReferences": {
			"description": "An array of external reference ids. These are references to this piece of data in an external system. Could be a simple string or a URI.",
			"items": {
				"properties": {
					"referenceID": {
						"description": "The external reference ID. Could be a simple string or a URI.",
						"type": [
							"null",
							"string"
						]
					},
					"referenceSource": {
						"description": "An identifier for the source system or database of this reference",
						"type": [
							"null",
							"string"
						]
					}
				},
				"type": "object"
			},
			"title": "ExternalReferences",
			"type": [
				"null",
				"array"
			]
		},
		"germplasmDbId": {
			"description": "The ID which uniquely identifies a germplasm within the given database server",
			"type": [
				"null",
				"string"
			]
		},
		"germplasmName": {
			"description": "Name of the germplasm. It can be the preferred name and does not have to be unique.",
			"type": [
				"null",
				"string"
			]
		},
		"value": {
			"description": "The value of this attribute for a given germplasm",
			"type": [
				"null",
				"string"
			]
		}
	},
	"title": "GermplasmAttributeValue",
	"type": "object"
}