{
	"$schema": "http://json-schema.org/draft-04/schema#",
	"properties": {
		"accessionNames": {
			"description": "MCPD (v2.1) (ACCENAME) 11. Either a registered or other designation given to the material received, other than the donors accession number (23) or collecting number (3). First letter uppercase. Multiple names are separated by a semicolon without space.",
			"items": {
				"type": "string"
			},
			"type": [
				"null",
				"array"
			]
		},
		"accessionNumber": {
			"description": "MCPD (v2.1) (ACCENUMB) 2. This is the unique identifier for accessions within a genebank, and is assigned when a sample is entered into the genebank collection (e.g. \"PI 113869\").",
			"type": [
				"null",
				"string"
			]
		},
		"acquisitionDate": {
			"description": "MCPD (v2.1) (ACQDATE) 12. Date on which the accession entered the collection [YYYYMMDD] where YYYY is the year, MM is the month and DD is the day. Missing data (MM or DD) should be indicated with hyphens or \"00\" [double zero].",
			"type": [
				"null",
				"string"
			]
		},
		"acquisitionSourceCode": {
			"description": "MCPD (v2.1) (COLLSRC) 21. The coding scheme proposed can be used at 2 different levels of detail: either by using the general codes (in bold-face) such as 10, 20, 30, 40, etc., or by using the more specific codes, such as 11, 12, etc. \n\n10) Wild habitat \n11) Forest or woodland \n12) Shrubland \n13) Grassland \n14) Desert or tundra \n15) Aquatic habitat \n20) Farm or cultivated habitat \n21) Field \n22) Orchard \n23) Backyard, kitchen or home garden (urban, peri-urban or rural) \n24) Fallow land \n25) Pasture \n26) Farm store \n27) Threshing floor \n28) Park \n30) Market or shop \n40) Institute, Experimental station, Research organization, Genebank \n50) Seed company \n60) Weedy, disturbed or ruderal habitat \n61) Roadside \n62) Field margin \n99) Other (Elaborate in REMARKS field)",
			"enum": [
				"10",
				"11",
				"12",
				"13",
				"14",
				"15",
				"20",
				"21",
				"22",
				"23",
				"24",
				"25",
				"26",
				"27",
				"28",
				"30",
				"40",
				"50",
				"60",
				"61",
				"62",
				"99",
				null
			],
			"type": [
				"null",
				"string"
			]
		},
		"alternateIDs": {
			"description": "MCPD (v2.1) (OTHERNUMB) 24. Any other identifiers known to exist in other collections for this accession. Use the following format: INSTCODE:ACCENUMB;INSTCODE:identifier;INSTCODE and identifier are separated by a colon without space. Pairs of INSTCODE and identifier are separated by a semicolon without space. When the institute is not known, the identifier should be preceded by a colon. ",
			"items": {
				"type": "string"
			},
			"type": [
				"null",
				"array"
			]
		},
		"ancestralData": {
			"description": "MCPD (v2.1) (ANCEST) 20. Information about either pedigree or other description of ancestral information (e.g. parent variety in case of mutant or selection). For example a pedigree 'Hanna/7*Atlas//Turk/8*Atlas' or a description 'mutation found in Hanna', 'selection from Irene' or 'cross involving amongst others Hanna and Irene'.",
			"type": [
				"null",
				"string"
			]
		},
		"biologicalStatusOfAccessionCode": {
			"description": "MCPD (v2.1) (SAMPSTAT) 19. The coding scheme proposed can be used at 3 different levels of detail: either by using the general codes such as 100, 200, 300, 400, or by using the more specific codes such as 110, 120, etc. \n\n100) Wild \n110) Natural \n120) Semi-natural/wild \n130) Semi-natural/sown \n200) Weedy \n300) Traditional cultivar/landrace \n400) Breeding/research material \n410) Breeders line \n411) Synthetic population \n412) Hybrid \n413) Founder stock/base population \n414) Inbred line (parent of hybrid cultivar) \n415) Segregating population \n416) Clonal selection \n420) Genetic stock \n421) Mutant (e.g. induced/insertion mutants, tilling populations) \n422) Cytogenetic stocks (e.g. chromosome addition/substitution, aneuploids,  amphiploids) \n423) Other genetic stocks (e.g. mapping populations) \n500) Advanced or improved cultivar (conventional breeding methods) \n600) GMO (by genetic engineering) \n999) Other (Elaborate in REMARKS field)",
			"enum": [
				"100",
				"110",
				"120",
				"130",
				"200",
				"300",
				"400",
				"410",
				"411",
				"412",
				"413",
				"414",
				"415",
				"416",
				"420",
				"421",
				"422",
				"423",
				"500",
				"600",
				"999",
				null
			],
			"type": [
				"null",
				"string"
			]
		},
		"breedingInstitutes": {
			"items": {
				"properties": {
					"instituteCode": {
						"description": "MCPD (v2.1) (BREDCODE) 18. FAO WIEWS code of the institute that has bred the material. If the holding institute has bred the material, the breeding institute code (BREDCODE) should be the same as the holding institute code (INSTCODE). Follows INSTCODE standard. Multiple values are separated by a semicolon without space.",
						"type": [
							"null",
							"string"
						]
					},
					"instituteName": {
						"description": "MCPD (v2.1) (BREDNAME) 18.1  Name of the institute (or person) that bred the material. This descriptor should be used only if BREDCODE can not be filled because the FAO WIEWS code for this institute is not available. Multiple names are separated by a semicolon without space.",
						"type": [
							"null",
							"string"
						]
					}
				},
				"type": "object"
			},
			"type": [
				"null",
				"array"
			]
		},
		"collectingInfo": {
			"description": "Information about the collection of this germplasm",
			"properties": {
				"collectingDate": {
					"description": "MCPD (v2.1) (COLLDATE) 17. Collecting date of the sample [YYYYMMDD] where YYYY is the year, MM is the month and DD is the day. Missing data (MM or DD) should be indicated with hyphens or \"00\" [double zero].",
					"type": [
						"null",
						"string"
					]
				},
				"collectingInstitutes": {
					"description": "Institutes which collected the sample",
					"items": {
						"properties": {
							"instituteAddress": {
								"description": "MCPD (v2.1) (COLLINSTADDRESS) 4.1.1  Address of the institute collecting the sample. This descriptor should be used only if COLLCODE can not be filled since the FAO WIEWS code for this institute is not available. Multiple values are separated by a semicolon without space.",
								"type": [
									"null",
									"string"
								]
							},
							"instituteCode": {
								"description": "MCPD (v2.1) (COLLCODE) 4.  FAO WIEWS code of the institute collecting the sample. If the holding institute has collected the material, the collecting institute code (COLLCODE) should be the same as the holding institute code (INSTCODE). Follows INSTCODE standard. Multiple values are separated by a semicolon without space.",
								"type": [
									"null",
									"string"
								]
							},
							"instituteName": {
								"description": "MCPD (v2.1) (COLLNAME) 4.1  Name of the institute collecting the sample. This descriptor should be used only if COLLCODE can not be filled because the FAO WIEWS code for this institute is not available. Multiple values are separated by a semicolon without space.",
								"type": [
									"null",
									"string"
								]
							}
						},
						"type": "object"
					},
					"type": [
						"null",
						"array"
					]
				},
				"collectingMissionIdentifier": {
					"description": "MCPD (v2.1) (COLLMISSID) 4.2 Identifier of the collecting mission used by the Collecting Institute (4 or 4.1) (e.g. \"CIATFOR_052\", \"CN_426\").",
					"type": [
						"null",
						"string"
					]
				},
				"collectingNumber": {
					"description": "MCPD (v2.1) (COLLNUMB) 3. Original identifier assigned by the collector(s) of the sample, normally composed of the name or initials of the collector(s) followed by a number (e.g. \"ab109909\"). This identifier is essential for identifying duplicates held in different collections.",
					"type": [
						"null",
						"string"
					]
				},
				"collectingSite": {
					"description": "Information about the location where the sample was collected",
					"properties": {
						"coordinateUncertainty": {
							"description": "MCPD (v2.1) (COORDUNCERT) 15.5 Uncertainty associated with the coordinates in metres. Leave the value empty if the uncertainty is unknown.",
							"type": [
								"null",
								"string"
							]
						},
						"elevation": {
							"description": "MCPD (v2.1) (ELEVATION) 16. Elevation of collecting site expressed in metres above sea level. Negative values are allowed.",
							"type": [
								"null",
								"string"
							]
						},
						"georeferencingMethod": {
							"description": "MCPD (v2.1) (GEOREFMETH) 15.7  The georeferencing method used (GPS, determined from map, gazetteer, or estimated using software). Leave the value empty if georeferencing method is not known.",
							"type": [
								"null",
								"string"
							]
						},
						"latitudeDecimal": {
							"description": "MCPD (v2.1) (DECLATITUDE) 15.1 Latitude expressed in decimal degrees. Positive values are North of the Equator; negative values are South of the Equator (e.g. -44.6975).",
							"type": [
								"null",
								"string"
							]
						},
						"latitudeDegrees": {
							"description": "MCPD (v2.1) (LATITUDE) 15.2 Degrees (2 digits) minutes (2 digits), and seconds (2 digits) followed by N (North) or S (South) (e.g. 103020S). Every missing digit (minutes or seconds) should be indicated with a hyphen. Leading zeros are required (e.g. 10",
							"type": [
								"null",
								"string"
							]
						},
						"locationDescription": {
							"description": "MCPD (v2.1) (COLLSITE) 14. Location information below the country level that describes where the accession was collected, preferable in English. This might include the distance in kilometres and direction from the nearest town, village or map grid reference point, (e.g. 7 km south of Townsville).",
							"type": [
								"null",
								"string"
							]
						},
						"longitudeDecimal": {
							"description": "MCPD (v2.1) (DECLONGITUDE) 15.3 Longitude expressed in decimal degrees. Positive values are East of the Greenwich Meridian; negative values are West of the Greenwich Meridian (e.g. +120.9123).",
							"type": [
								"null",
								"string"
							]
						},
						"longitudeDegrees": {
							"description": "MCPD (v2.1) (LONGITUDE) 15.4 Degrees (3 digits), minutes (2 digits), and seconds (2 digits) followed by E (East) or W (West) (e.g. 0762510W). Every missing digit (minutes or seconds) should be indicated with a hyphen. Leading zeros are required (e.g. 076",
							"type": [
								"null",
								"string"
							]
						},
						"spatialReferenceSystem": {
							"description": "MCPD (v2.1) (COORDDATUM) 15.6 The geodetic datum or spatial reference system upon which the coordinates given in decimal latitude and decimal longitude are based (e.g. WGS84). The GPS uses the WGS84 datum.",
							"type": [
								"null",
								"string"
							]
						}
					},
					"type": [
						"null",
						"object"
					]
				}
			},
			"type": [
				"null",
				"object"
			]
		},
		"commonCropName": {
			"description": "MCPD (v2.1) (CROPNAME) 10. Common name of the crop. Example: \"malting barley\", \"mas\". ",
			"type": [
				"null",
				"string"
			]
		},
		"countryOfOrigin": {
			"description": "MCPD (v2.1) (ORIGCTY) 13. 3-letter ISO 3166-1 code of the country in which the sample was originally collected (e.g. landrace, crop wild relative, farmers\" variety), bred or selected (breeding lines, GMOs, segregating populations, hybrids, modern cultivars, etc.). Note: Descriptors 14 to 16 below should be completed accordingly only if it was \"collected\".",
			"type": [
				"null",
				"string"
			]
		},
		"donorInfo": {
			"description": "Information about the donor",
			"properties": {
				"donorAccessionNumber": {
					"description": "MCPD (v2.1) (DONORNUMB) 23. Identifier assigned to an accession by the donor. Follows ACCENUMB standard.",
					"type": [
						"null",
						"string"
					]
				},
				"donorAccessionPui": {
					"description": "PUI (DOI mostly) of the accession in the donor system.",
					"type": [
						"null",
						"string"
					]
				},
				"donorInstitute": {
					"properties": {
						"instituteCode": {
							"description": "MCPD (v2.1) (DONORCODE) 22. FAO WIEWS code of the donor institute. Follows INSTCODE standard.",
							"type": [
								"null",
								"string"
							]
						},
						"instituteName": {
							"description": "MCPD (v2.1) (DONORNAME) 22.1  Name of the donor institute (or person). This descriptor should be used only if DONORCODE can not be filled because the FAO WIEWS code for this institute is not available.",
							"type": [
								"null",
								"string"
							]
						}
					},
					"type": [
						"null",
						"object"
					]
				}
			},
			"type": [
				"null",
				"object"
			]
		},
		"genus": {
			"description": "MCPD (v2.1) (GENUS) 5. Genus name for taxon. Initial uppercase letter required.",
			"type": [
				"null",
				"string"
			]
		},
		"germplasmDbId": {
			"description": "A unique identifier which identifies a germplasm in this database",
			"type": [
				"null",
				"string"
			]
		},
		"germplasmPUI": {
			"description": "MCPD (v2.1) (PUID) 0. Any persistent, unique identifier assigned to the accession so it can be unambiguously referenced at the global level and the information associated with it harvested through automated means. Report one PUID for each accession. The Secretariat of the International Treaty on Plant Genetic Resources for Food and Agriculture (PGRFA) is facilitating the assignment of a persistent unique identifier (PUID), in the form of a DOI, to PGRFA at the accession level. Genebanks not applying a true PUID to their accessions should use, and request recipients to use, the concatenation of INSTCODE, ACCENUMB, and GENUS as a globally unique identifier similar in most respects to the PUID whenever they exchange information on accessions with third parties.",
			"type": [
				"null",
				"string"
			]
		},
		"instituteCode": {
			"description": "MCPD (v2.1) (INSTCODE) 1. FAO WIEWS code of the institute where the accession is maintained. The codes consist of the 3-letter ISO 3166 country code of the country where the institute is located plus a number (e.g. PER001). The current set of institute codes is available from http://www.fao.org/wiews. For those institutes not yet having an FAO Code, or for those with \"obsolete\" codes, see \"Common formatting rules (v)\".",
			"type": [
				"null",
				"string"
			]
		},
		"mlsStatus": {
			"description": "MCPD (v2.1) (MLSSTAT) 27. The status of an accession with regards to the Multilateral System (MLS) of the International Treaty on Plant Genetic Resources for Food and Agriculture. Leave the value empty if the status is not known 0 No (not included) 1 Yes (included) 99 Other (elaborate in REMARKS field, e.g. \"under development\")",
			"enum": [
				"",
				"0",
				"1",
				"99",
				null
			],
			"type": [
				"null",
				"string"
			]
		},
		"remarks": {
			"description": "MCPD (v2.1) (REMARKS) 28. The remarks field is used to add notes or to elaborate on descriptors with value 99 or 999 (= Other). Prefix remarks with the field name they refer to and a colon (:) without space (e.g. COLLSRC:riverside). Distinct remarks referring to different fields are separated by semi-colons without space.",
			"type": [
				"null",
				"string"
			]
		},
		"safetyDuplicateInstitutes": {
			"items": {
				"properties": {
					"instituteCode": {
						"description": "MCPD (v2.1) (DUPLSITE) 25. FAO WIEWS code of the institute(s) where a safety duplicate of the accession is maintained. Follows INSTCODE standard.",
						"type": [
							"null",
							"string"
						]
					},
					"instituteName": {
						"description": "MCPD (v2.1) (DUPLINSTNAME) 25.1  Name of the institute where a safety duplicate of the accession is maintained.",
						"type": [
							"null",
							"string"
						]
					}
				},
				"type": "object"
			},
			"type": [
				"null",
				"array"
			]
		},
		"species": {
			"description": "MCPD (v2.1) (SPECIES) 6. Specific epithet portion of the scientific name in lowercase letters. Only the following abbreviation is allowed: \"sp.\" ",
			"type": [
				"null",
				"string"
			]
		},
		"speciesAuthority": {
			"description": "MCPD (v2.1) (SPAUTHOR) 7. Provide the authority for the species name.",
			"type": [
				"null",
				"string"
			]
		},
		"storageTypeCodes": {
			"description": "MCPD (v2.1) (STORAGE) 26. If germplasm is maintained under different types of storage, multiple choices are allowed, separated by a semicolon (e.g. 20;30). (Refer to FAO/IPGRI Genebank Standards 1994 for details on storage type.) 10) Seed collection 11) Short term 12) Medium term 13) Long term 20) Field collection 30) In vitro collection 40) Cryo-preserved collection 50) DNA collection 99) Other (elaborate in REMARKS field)",
			"items": {
				"enum": [
					"10",
					"11",
					"12",
					"13",
					"20",
					"30",
					"40",
					"50",
					"99"
				],
				"type": "string"
			},
			"type": [
				"null",
				"array"
			]
		},
		"subtaxon": {
			"description": "MCPD (v2.1) (SUBTAXA) 8. Subtaxon can be used to store any additional taxonomic identifier. The following abbreviations are allowed: \"subsp.\" (for subspecies); \"convar.\" (for convariety); \"var.\" (for variety); \"f.\" (for form); \"Group\" (for \"cultivar group\").",
			"type": [
				"null",
				"string"
			]
		},
		"subtaxonAuthority": {
			"description": "MCPD (v2.1) (SUBTAUTHOR) 9. Provide the subtaxon authority at the most detailed taxonomic level.",
			"type": [
				"null",
				"string"
			]
		}
	},
	"title": "GermplasmMcpd",
	"type": "object"
}