{
	"$schema": "http://json-schema.org/draft-04/schema#",
	"properties": {
		"germplasmDbId": {
			"description": "The ID which uniquely identifies a germplasm",
			"type": "string"
		},
		"germplasmName": {
			"description": "A human readable name for a germplasm",
			"type": [
				"null",
				"string"
			]
		},
		"progeny": {
			"description": "List of germplasm entities which are direct children of this germplasm",
			"items": {
				"properties": {
					"germplasmDbId": {
						"description": "The unique identifier of a progeny germplasm",
						"type": "string"
					},
					"germplasmName": {
						"description": "The human readable name of a progeny germplasm",
						"type": [
							"null",
							"string"
						]
					},
					"parentType": {
						"description": "Given a germplasm A having a progeny B and C, 'parentType' for progeny B item refers to the 'parentType' of A toward B.",
						"enum": [
							"MALE",
							"FEMALE",
							"SELF",
							"POPULATION"
						],
						"type": "string"
					}
				},
				"required": [
					"germplasmDbId",
					"parentType"
				],
				"type": "object"
			},
			"type": "array"
		}
	},
	"required": [
		"germplasmDbId",
		"progeny"
	],
	"title": "GermplasmProgeny",
	"type": "object"
}