{
	"$schema": "http://json-schema.org/draft-04/schema#",
	"properties": {
		"additionalInfo": {
			"additionalProperties": {
				"type": "string"
			},
			"description": "Additional arbitrary info",
			"type": [
				"null",
				"object"
			]
		},
		"amount": {
			"description": "Current balance of seeds in this lot. Could be a count (seeds, bulbs, etc) or a weight (kg of seed).",
			"type": [
				"null",
				"number"
			]
		},
		"createdDate": {
			"description": "The time stamp for when this seed lot was created",
			"format": "date-time",
			"type": [
				"null",
				"string"
			]
		},
		"externalReferences": {
			"description": "An array of external reference ids. These are references to this piece of data in an external system. Could be a simple string or a URI.",
			"items": {
				"properties": {
					"referenceID": {
						"description": "The external reference ID. Could be a simple string or a URI.",
						"type": [
							"null",
							"string"
						]
					},
					"referenceSource": {
						"description": "An identifier for the source system or database of this reference",
						"type": [
							"null",
							"string"
						]
					}
				},
				"type": "object"
			},
			"title": "ExternalReferences",
			"type": [
				"null",
				"array"
			]
		},
		"germplasmDbId": {
			"description": "Unique DbId of the Germplasm held in this Seed Lot",
			"type": [
				"null",
				"string"
			]
		},
		"lastUpdated": {
			"description": "The timestamp for the last update to this Seed Lot (including transactions)",
			"format": "date-time",
			"type": [
				"null",
				"string"
			]
		},
		"locationDbId": {
			"description": "DbId of the storage location",
			"type": [
				"null",
				"string"
			]
		},
		"programDbId": {
			"description": "Unique DbId of the breeding Program this Seed Lot belongs to",
			"type": [
				"null",
				"string"
			]
		},
		"seedLotDbId": {
			"description": "Unique DbId for the Seed Lot",
			"type": [
				"null",
				"string"
			]
		},
		"seedLotDescription": {
			"description": "A general description of this Seed Lot",
			"type": [
				"null",
				"string"
			]
		},
		"seedLotName": {
			"description": "A human readable name for this Seed Lot",
			"type": [
				"null",
				"string"
			]
		},
		"sourceCollection": {
			"description": "The description of the source where this material was originally collected (wild, nursery, etc)",
			"type": [
				"null",
				"string"
			]
		},
		"storageLocation": {
			"description": "Description the storage location",
			"type": [
				"null",
				"string"
			]
		},
		"units": {
			"description": "Description of the things being counted in this Seed Lot (seeds, bulbs, kg, tree, etc)",
			"type": [
				"null",
				"string"
			]
		}
	},
	"title": "SeedLot",
	"type": "object"
}