{
	"$schema": "http://json-schema.org/draft-04/schema#",
	"description": "A `Call` represents the determination of genotype with respect to a particular `Variant`.\n\nIt may include associated information such as quality and phasing. For example, a call might assign a probability of 0.32 to the occurrence of a SNP named RS_1234 in a call set with the name NA_12345.",
	"properties": {
		"additionalInfo": {
			"additionalProperties": {
				"type": "string"
			},
			"description": "Additional arbitrary info",
			"type": [
				"null",
				"object"
			]
		},
		"callSetDbId": {
			"description": "The ID of the call set this variant call belongs to.\n\nIf this field is not present, the ordering of the call sets from a `SearchCallSetsRequest` over this `VariantSet` is guaranteed to match the ordering of the calls on this `Variant`. The number of results will also be the same.",
			"type": [
				"null",
				"string"
			]
		},
		"callSetName": {
			"description": "The name of the call set this variant call belongs to. If this field is not present, the ordering of the call sets from a `SearchCallSetsRequest` over this `VariantSet` is guaranteed to match the ordering of the calls on this `Variant`. The number of results will also be the same.",
			"type": [
				"null",
				"string"
			]
		},
		"genotype": {
			"description": "`ListValue` is a wrapper around a repeated field of values.\n\nThe JSON representation for `ListValue` is JSON array.",
			"properties": {
				"values": {
					"description": "Repeated field of dynamically typed values.",
					"items": {
						"oneOf": [
							{
								"description": "Represents a boolean value.",
								"format": "boolean",
								"type": "boolean"
							},
							{
								"description": "Represents a double value.",
								"format": "double",
								"type": "number"
							},
							{
								"description": "Represents a string value.",
								"type": "string"
							}
						]
					},
					"type": [
						"null",
						"array"
					]
				}
			},
			"type": [
				"null",
				"object"
			]
		},
		"genotype_likelihood": {
			"description": "The genotype likelihood for this variant call. Each array entry represents how likely a specific genotype is for this call as log10(P(data | genotype)), analogous to the GL tag in the VCF spec. The value ordering is defined by the GL tag in the VCF spec.",
			"items": {
				"type": "number"
			},
			"type": [
				"null",
				"array"
			]
		},
		"phaseSet": {
			"description": "If this field is populated, this variant call's genotype ordering implies the phase of the bases and is consistent with any other variant calls on the same contig which have the same phase set string.",
			"type": [
				"null",
				"string"
			]
		},
		"variantDbId": {
			"description": "The ID of the variant this call belongs to.",
			"type": [
				"null",
				"string"
			]
		},
		"variantName": {
			"description": "The name of the variant this call belongs to.",
			"type": [
				"null",
				"string"
			]
		}
	},
	"title": "Call",
	"type": "object"
}