{
	"$schema": "http://json-schema.org/draft-04/schema#",
	"description": "A CallSet is a collection of calls that were generated by the same analysis of the same sample.",
	"properties": {
		"additionalInfo": {
			"additionalProperties": {
				"type": "string"
			},
			"description": "Additional arbitrary info",
			"type": [
				"null",
				"object"
			]
		},
		"callSetDbId": {
			"description": "The call set ID.",
			"type": [
				"null",
				"string"
			]
		},
		"callSetName": {
			"description": "The call set name.",
			"type": [
				"null",
				"string"
			]
		},
		"created": {
			"description": "The date this call set was created",
			"format": "date-time",
			"type": [
				"null",
				"string"
			]
		},
		"sampleDbId": {
			"description": "The Biosample entity the call set data was generated from.",
			"type": [
				"null",
				"string"
			]
		},
		"studyDbId": {
			"description": "The ID which uniquely identifies a study within the given database server",
			"type": [
				"null",
				"string"
			]
		},
		"updated": {
			"description": "The time at which this call set was last updated",
			"format": "date-time",
			"type": [
				"null",
				"string"
			]
		},
		"variantSetDbIds": {
			"description": "The IDs of the variant sets this call set has calls in.",
			"items": {
				"type": "string"
			},
			"type": [
				"null",
				"array"
			]
		}
	},
	"title": "CallSet",
	"type": "object"
}