{
	"$schema": "http://json-schema.org/draft-04/schema#",
	"properties": {
		"additionalInfo": {
			"additionalProperties": {
				"type": "string"
			},
			"description": "Additional arbitrary info",
			"type": [
				"null",
				"object"
			]
		},
		"isDerived": {
			"description": "A sequence X is said to be derived from source sequence Y, if X and Y are of the same length and the per-base sequence divergence at A/C/G/T bases is sufficiently small. Two sequences derived from the same official sequence share the same coordinates and annotations, and can be replaced with the official sequence for certain use cases.",
			"type": [
				"null",
				"boolean"
			]
		},
		"length": {
			"description": "The length of this reference's sequence.",
			"type": [
				"null",
				"integer"
			]
		},
		"md5checksum": {
			"description": "The MD5 checksum uniquely representing this `Reference` as a lower-case hexadecimal string, calculated as the MD5 of the upper-case sequence excluding all whitespace characters (this is equivalent to SQ:M5 in SAM).",
			"type": [
				"null",
				"string"
			]
		},
		"referenceDbId": {
			"description": "The reference ID. Unique within the repository.",
			"type": [
				"null",
				"string"
			]
		},
		"referenceName": {
			"description": "The unique name of this reference within the Reference Set.",
			"type": [
				"null",
				"string"
			]
		},
		"referenceSetDbId": {
			"description": "The reference ID. Unique within the repository.",
			"type": [
				"null",
				"string"
			]
		},
		"sourceAccessions": {
			"description": "All known corresponding accession IDs in INSDC (GenBank/ENA/DDBJ) which must include a version number, e.g. `GCF_000001405.26`.",
			"items": {
				"type": "string"
			},
			"type": [
				"null",
				"array"
			]
		},
		"sourceDivergence": {
			"description": "The `sourceDivergence` is the fraction of non-indel bases that do not match the reference this message was derived from.",
			"type": [
				"null",
				"number"
			]
		},
		"sourceURI": {
			"description": "The URI from which the sequence was obtained. Specifies a FASTA format file/string with one name, sequence pair. In most cases, clients should call the `getReferenceBases()` method to obtain sequence bases for a `Reference` instead of attempting to retrieve this URI.",
			"type": [
				"null",
				"string"
			]
		},
		"species": {
			"description": "An ontology term describing an attribute.",
			"properties": {
				"term": {
					"description": "Ontology term - the label of the ontology term the termId is pointing to.",
					"type": [
						"null",
						"string"
					]
				},
				"termURI": {
					"description": "Ontology term identifier - the CURIE for an ontology term. It differs from the standard GA4GH schema's :ref:`id ` in that it is a CURIE pointing to an information resource outside of the scope of the schema or its resource implementation.",
					"type": [
						"null",
						"string"
					]
				}
			},
			"type": [
				"null",
				"object"
			]
		}
	},
	"title": "Reference",
	"type": "object"
}