{
	"$schema": "http://json-schema.org/draft-04/schema#",
	"properties": {
		"additionalInfo": {
			"additionalProperties": {
				"type": "string"
			},
			"description": "Additional arbitrary info",
			"type": [
				"null",
				"object"
			]
		},
		"assemblyPUI": {
			"description": "The remaining information is about the source of the sequences Public id of this reference set, such as `GRCH_37`.",
			"type": [
				"null",
				"string"
			]
		},
		"description": {
			"description": "Optional free text description of this reference set.",
			"type": [
				"null",
				"string"
			]
		},
		"isDerived": {
			"description": "A reference set may be derived from a source if it contains additional sequences, or some of the sequences within it are derived (see the definition of `isDerived` in `Reference`).",
			"type": [
				"null",
				"boolean"
			]
		},
		"md5checksum": {
			"description": "Order-independent MD5 checksum which identifies this `ReferenceSet`.\n\nTo compute this checksum, make a list of `Reference.md5checksum` for all\n`Reference` s in this set. Then sort that list, and take the MD5 hash of\nall the strings concatenated together. Express the hash as a lower-case\nhexadecimal string.",
			"type": [
				"null",
				"string"
			]
		},
		"referenceSetDbId": {
			"description": "The reference set ID. Unique in the repository.",
			"type": [
				"null",
				"string"
			]
		},
		"referenceSetName": {
			"description": "The reference set name.",
			"type": [
				"null",
				"string"
			]
		},
		"sourceAccessions": {
			"description": "All known corresponding accession IDs in INSDC (GenBank/ENA/DDBJ) ideally with a version number, e.g. `NC_000001.11`.",
			"items": {
				"type": "string"
			},
			"type": [
				"null",
				"array"
			]
		},
		"sourceURI": {
			"description": "Specifies a FASTA format file/string.",
			"type": [
				"null",
				"string"
			]
		},
		"species": {
			"description": "An ontology term describing an attribute.",
			"properties": {
				"term": {
					"description": "Ontology term - the label of the ontology term the termId is pointing to.",
					"type": [
						"null",
						"string"
					]
				},
				"termURI": {
					"description": "Ontology term identifier - the CURIE for an ontology term. It differs from the standard GA4GH schema's :ref:`id ` in that it is a CURIE pointing to an information resource outside of the scope of the schema or its resource implementation.",
					"type": [
						"null",
						"string"
					]
				}
			},
			"type": [
				"null",
				"object"
			]
		}
	},
	"title": "ReferenceSet",
	"type": "object"
}