{
	"$schema": "http://json-schema.org/draft-04/schema#",
	"properties": {
		"additionalInfo": {
			"additionalProperties": {
				"type": "string"
			},
			"description": "Additional arbitrary info",
			"type": [
				"null",
				"object"
			]
		},
		"column": {
			"description": "The Column identifier for this samples location in the plate",
			"maximum": 12,
			"minimum": 1,
			"type": [
				"null",
				"integer"
			]
		},
		"externalReferences": {
			"description": "An array of external reference ids. These are references to this piece of data in an external system. Could be a simple string or a URI.",
			"items": {
				"properties": {
					"referenceID": {
						"description": "The external reference ID. Could be a simple string or a URI.",
						"type": [
							"null",
							"string"
						]
					},
					"referenceSource": {
						"description": "An identifier for the source system or database of this reference",
						"type": [
							"null",
							"string"
						]
					}
				},
				"type": "object"
			},
			"title": "ExternalReferences",
			"type": [
				"null",
				"array"
			]
		},
		"germplasmDbId": {
			"description": "The ID which uniquely identifies a germplasm",
			"type": [
				"null",
				"string"
			]
		},
		"observationUnitDbId": {
			"description": "The ID which uniquely identifies an observation unit",
			"type": [
				"null",
				"string"
			]
		},
		"plateDbId": {
			"description": "The ID which uniquely identifies a plate of samples",
			"type": [
				"null",
				"string"
			]
		},
		"plateName": {
			"description": "The human readable name of a plate",
			"type": [
				"null",
				"string"
			]
		},
		"programDbId": {
			"description": "The ID which uniquely identifies a program within the given database server",
			"type": [
				"null",
				"string"
			]
		},
		"row": {
			"description": "The Row identifier for this samples location in the plate",
			"type": [
				"null",
				"string"
			]
		},
		"sampleBarcode": {
			"description": "A unique identifier physically attached to the sample",
			"type": [
				"null",
				"string"
			]
		},
		"sampleDbId": {
			"description": "The ID which uniquely identifies a sample\n\nMIAPPE V1.1 (DM-76) Sample ID - Unique identifier for the sample.",
			"type": [
				"null",
				"string"
			]
		},
		"sampleDescription": {
			"description": "Description of a sample\n\nMIAPPE V1.1 (DM-79) Sample description - Any information not captured by the other sample fields, including quantification, sample treatments and processing.",
			"type": [
				"null",
				"string"
			]
		},
		"sampleGroupDbId": {
			"description": "The ID which uniquely identifies a group of samples",
			"type": [
				"null",
				"string"
			]
		},
		"sampleName": {
			"description": "The name of the sample",
			"type": [
				"null",
				"string"
			]
		},
		"samplePUI": {
			"description": "A permanent unique identifier for the sample (DOI, URL, UUID, etc)\n\nMIAPPE V1.1 (DM-81) External ID - An identifier for the sample in a persistent repository, comprising the name of the repository and the accession number of the observation unit therein. Submission to the EBI Biosamples repository is recommended. URI are recommended when possible. ",
			"type": [
				"null",
				"string"
			]
		},
		"sampleTimestamp": {
			"description": "The date and time a sample was collected from the field\n\nMIAPPE V1.1 (DM-80) Collection date - The date and time when the sample was collected / harvested",
			"format": "date-time",
			"type": [
				"null",
				"string"
			]
		},
		"sampleType": {
			"description": "The type of sample taken. ex. 'DNA', 'RNA', 'Tissue', etc",
			"type": [
				"null",
				"string"
			]
		},
		"studyDbId": {
			"description": "The ID which uniquely identifies a study within the given database server",
			"type": [
				"null",
				"string"
			]
		},
		"takenBy": {
			"description": "The name or identifier of the entity which took the sample from the field",
			"type": [
				"null",
				"string"
			]
		},
		"tissueType": {
			"description": "The type of tissue sampled. ex. 'Leaf', 'Root', etc.\n\nMIAPPE V1.1 (DM-78) Plant anatomical entity - A description of  the plant part (e.g. leaf) or the plant product (e.g. resin) from which the sample was taken, in the form of an accession number to a suitable controlled vocabulary (Plant Ontology).",
			"type": [
				"null",
				"string"
			]
		},
		"trialDbId": {
			"description": "The ID which uniquely identifies a trial within the given database server",
			"type": [
				"null",
				"string"
			]
		},
		"well": {
			"description": "The Well identifier for this samples location in the plate. Usually a concatenation of Row and Column, or just a number if the samples are not part of an ordered plate.",
			"type": [
				"null",
				"string"
			]
		}
	},
	"title": "Sample",
	"type": "object"
}