{
	"$schema": "http://json-schema.org/draft-04/schema#",
	"properties": {
		"additionalInfo": {
			"additionalProperties": {
				"type": "string"
			},
			"description": "Additional arbitrary info",
			"type": [
				"null",
				"object"
			]
		},
		"analysis": {
			"description": "Set of Analysis descriptors for this VariantSet",
			"items": {
				"description": "An analysis contains an interpretation of one or several experiments. (e.g. SNVs, copy number variations, methylation status) together with information about the methodology used.",
				"properties": {
					"analysisDbId": {
						"description": "Unique identifier for this analysis description",
						"type": [
							"null",
							"string"
						]
					},
					"analysisName": {
						"description": "A human readable name for this analysis",
						"type": [
							"null",
							"string"
						]
					},
					"created": {
						"description": "The time at which this record was created, in ISO 8601 format.",
						"format": "date-time",
						"type": [
							"null",
							"string"
						]
					},
					"description": {
						"description": "A human readable description of the analysis",
						"type": [
							"null",
							"string"
						]
					},
					"software": {
						"description": "The software run to generate this analysis.",
						"items": {
							"type": "string"
						},
						"type": [
							"null",
							"array"
						]
					},
					"type": {
						"description": "The type of analysis.",
						"type": [
							"null",
							"string"
						]
					},
					"updated": {
						"description": "The time at which this record was last updated, in ISO 8601 format.",
						"format": "date-time",
						"type": [
							"null",
							"string"
						]
					}
				},
				"type": "object"
			},
			"type": [
				"null",
				"array"
			]
		},
		"availableFormats": {
			"description": "When the data for a VariantSet is retrieved, it can be retrieved in a variety of data formats and file formats. \n\ndataFormat defines the structure of the data within a file (ie DartSeq, VCF, Hapmap, tabular, etc)\n\nfileFormat defines the MIME type of the file (ie text/csv, application/excel, application/zip). This should also be reflected in the Accept and ContentType HTTP headers for every relevant request and response.",
			"items": {
				"description": "Each 'availableFormat' object is a pairing of dataFormat and fileFormat. These must be communicated in pairs because they are not independant parameters and sometimes one influences the other.",
				"properties": {
					"dataFormat": {
						"description": "dataFormat defines the structure of the data within a file (ie DartSeq, VCF, Hapmap, tabular, etc)",
						"enum": [
							"DartSeq",
							"VCF",
							"Hapmap",
							"tabular",
							"JSON",
							null
						],
						"type": [
							"null",
							"string"
						]
					},
					"fileFormat": {
						"description": "fileFormat defines the MIME type of the file (ie text/csv, application/excel, application/zip). This should also be reflected in the Accept and ContentType HTTP headers for every relevant request and response.",
						"enum": [
							"text/csv",
							"text/tsv",
							"application/excel",
							"application/zip",
							"application/json",
							null
						],
						"type": [
							"null",
							"string"
						]
					},
					"fileURL": {
						"description": "A URL which indicates the location of the file version of this VariantSet. Could be a static file URL or an API endpoint which generates the file.",
						"format": "uri",
						"type": [
							"null",
							"string"
						]
					}
				},
				"type": "object"
			},
			"type": [
				"null",
				"array"
			]
		},
		"callSetCount": {
			"description": "The number of CallSets included in this VariantSet",
			"type": [
				"null",
				"integer"
			]
		},
		"referenceSetDbId": {
			"description": "The ID of the reference set that describes the sequences used by the variants in this set.",
			"type": [
				"null",
				"string"
			]
		},
		"studyDbId": {
			"description": "The ID of the dataset this variant set belongs to.",
			"type": [
				"null",
				"string"
			]
		},
		"variantCount": {
			"description": "The number of Variants included in this VariantSet",
			"type": [
				"null",
				"integer"
			]
		},
		"variantSetDbId": {
			"description": "The variant set ID.",
			"type": [
				"null",
				"string"
			]
		},
		"variantSetName": {
			"description": "The variant set name.",
			"type": [
				"null",
				"string"
			]
		}
	},
	"title": "VariantSet",
	"type": "object"
}