{
    "$schema": "http://json-schema.org/draft-04/schema#",
    "properties": {
        "additionalInfo": {
            "additionalProperties": {
                "type": "string"
            },
            "description": "Additional arbitrary info",
            "type": [
                "null",
                "object"
            ]
        },
        "callSetDbId": {
            "description": "The ID which uniquely identifies a CallSet within the given database server",
            "type": [
                "null",
                "string"
            ]
        },
        "callSetName": {
            "description": "The human readable name which identifies a germplasm within the given database server",
            "type": [
                "null",
                "string"
            ]
        },
        "created": {
            "description": "The date this call set was created",
            "format": "date-time",
            "type": [
                "null",
                "string"
            ]
        },
        "externalReferences": {
            "description": "An array of external reference ids. These are references to this piece of data in an external system. Could be a simple string or a URI.",
            "items": {
                "properties": {
                    "referenceId": {
                        "description": "The external reference ID. Could be a simple string or a URI.",
                        "type": [
                            "null",
                            "string"
                        ]
                    },
                    "referenceSource": {
                        "description": "An identifier for the source system or database of this reference",
                        "type": [
                            "null",
                            "string"
                        ]
                    }
                },
                "required": [
                    "referenceId",
                    "referenceSource"
                ],
                "type": "object"
            },
            "title": "ExternalReferences",
            "type": [
                "null",
                "array"
            ]
        },
        "sampleDbId": {
            "description": "The Biosample entity the call set data was generated from.",
            "type": [
                "null",
                "string"
            ]
        },
        "studyDbId": {
            "description": "The ID which uniquely identifies a study within the given database server",
            "type": [
                "null",
                "string"
            ]
        },
        "updated": {
            "description": "The time at which this call set was last updated",
            "format": "date-time",
            "type": [
                "null",
                "string"
            ]
        },
        "variantSetDbIds": {
            "description": "The IDs of the variantSets this callSet has calls in.",
            "items": {
                "type": "string"
            },
            "type": [
                "null",
                "array"
            ]
        }
    },
    "required": [
        "additionalInfo",
        "callSetDbId",
        "callSetName",
        "created",
        "externalReferences",
        "sampleDbId",
        "studyDbId",
        "updated",
        "variantSetDbIds"
    ],
    "title": "CallSet",
    "type": "object"
}