{
    "$schema": "http://json-schema.org/draft-04/schema#",
    "properties": {
        "additionalInfo": {
            "additionalProperties": {
                "type": "string"
            },
            "description": "Additional arbitrary info",
            "type": [
                "null",
                "object"
            ]
        },
        "comments": {
            "description": "Additional comments about a `GenomeMap`",
            "type": [
                "null",
                "string"
            ]
        },
        "commonCropName": {
            "description": "The common name of the `Crop`",
            "type": "string"
        },
        "documentationURL": {
            "description": "A URL to the human readable documentation of this object",
            "format": "uri",
            "type": [
                "null",
                "string"
            ]
        },
        "linkageGroupCount": {
            "description": "The number of linkage groups present in a `GenomeMap`",
            "type": [
                "null",
                "integer"
            ]
        },
        "mapDbId": {
            "description": "The ID which uniquely identifies a `GenomeMap`",
            "type": "string"
        },
        "mapName": {
            "description": "A human readable name for a `GenomeMap`",
            "type": [
                "null",
                "string"
            ]
        },
        "mapPUI": {
            "description": "The DOI or other permanent identifier for a `GenomeMap`",
            "type": [
                "null",
                "string"
            ]
        },
        "markerCount": {
            "description": "The number of markers present in a `GenomeMap`",
            "type": [
                "null",
                "integer"
            ]
        },
        "publishedDate": {
            "description": "The date this `GenomeMap` was published",
            "format": "date-time",
            "type": [
                "null",
                "string"
            ]
        },
        "scientificName": {
            "description": "Full scientific binomial format name. This includes Genus, Species, and Sub-species",
            "type": [
                "null",
                "string"
            ]
        },
        "type": {
            "description": "The type of map this represents, usually \"Genetic\" or \"Physical\"",
            "type": "string"
        },
        "unit": {
            "description": "The units used to describe the data in a `GenomeMap`",
            "type": [
                "null",
                "string"
            ]
        }
    },
    "required": [
        "additionalInfo",
        "comments",
        "commonCropName",
        "documentationURL",
        "linkageGroupCount",
        "mapDbId",
        "mapName",
        "mapPUI",
        "markerCount",
        "publishedDate",
        "scientificName",
        "type",
        "unit"
    ],
    "title": "GenomeMap",
    "type": "object"
}