{
    "$schema": "http://json-schema.org/draft-04/schema#",
    "properties": {
        "additionalInfo": {
            "additionalProperties": {
                "type": "string"
            },
            "description": "Additional arbitrary info",
            "type": [
                "null",
                "object"
            ]
        },
        "commonCropName": {
            "description": "Common name for the crop",
            "type": [
                "null",
                "string"
            ]
        },
        "externalReferences": {
            "description": "An array of external reference ids. These are references to this piece of data in an external system. Could be a simple string or a URI.",
            "items": {
                "properties": {
                    "referenceId": {
                        "description": "The external reference ID. Could be a simple string or a URI.",
                        "type": [
                            "null",
                            "string"
                        ]
                    },
                    "referenceSource": {
                        "description": "An identifier for the source system or database of this reference",
                        "type": [
                            "null",
                            "string"
                        ]
                    }
                },
                "required": [
                    "referenceId",
                    "referenceSource"
                ],
                "type": "object"
            },
            "title": "ExternalReferences",
            "type": [
                "null",
                "array"
            ]
        },
        "isDerived": {
            "description": "A sequence X is said to be derived from source sequence Y, if X and Y are of the same length and the per-base sequence divergence at A/C/G/T bases is sufficiently small. Two sequences derived from the same official sequence share the same coordinates and annotations, and can be replaced with the official sequence for certain use cases.",
            "type": [
                "null",
                "boolean"
            ]
        },
        "length": {
            "description": "The length of this `Reference` sequence.",
            "type": [
                "null",
                "integer"
            ]
        },
        "md5checksum": {
            "description": "The MD5 checksum uniquely representing this `Reference` as a lower-case hexadecimal string, calculated as the MD5 of the upper-case sequence excluding all whitespace characters (this is equivalent to SQ:M5 in SAM).",
            "type": [
                "null",
                "string"
            ]
        },
        "referenceDbId": {
            "description": "The unique identifier for a `Reference`",
            "type": [
                "null",
                "string"
            ]
        },
        "referenceName": {
            "description": "The human readable name of a `Reference` within a `ReferenceSet`.",
            "type": [
                "null",
                "string"
            ]
        },
        "referenceSetDbId": {
            "description": "The unique identifier for a `ReferenceSet`",
            "type": [
                "null",
                "string"
            ]
        },
        "referenceSetName": {
            "description": "The human readable name of a `ReferenceSet`",
            "type": [
                "null",
                "string"
            ]
        },
        "sourceAccessions": {
            "description": "All known corresponding accession IDs in INSDC (GenBank/ENA/DDBJ) which must include a version number, e.g. `GCF_000001405.26`.",
            "items": {
                "type": "string"
            },
            "type": [
                "null",
                "array"
            ]
        },
        "sourceDivergence": {
            "description": "The `sourceDivergence` is the fraction of non-indel bases that do not match the `Reference` this message was derived from.",
            "type": [
                "null",
                "number"
            ]
        },
        "sourceGermplasm": {
            "description": "All known corresponding Germplasm",
            "items": {
                "properties": {
                    "germplasmDbId": {
                        "description": "The ID which uniquely identifies a `Germplasm` within the given database server",
                        "type": [
                            "null",
                            "string"
                        ]
                    },
                    "germplasmName": {
                        "description": "The human readable name of a `Germplasm`",
                        "type": [
                            "null",
                            "string"
                        ]
                    }
                },
                "required": [
                    "germplasmDbId",
                    "germplasmName"
                ],
                "type": "object"
            },
            "type": [
                "null",
                "array"
            ]
        },
        "sourceURI": {
            "description": "The URI from which the sequence was obtained. Specifies a FASTA format file/string with one name, sequence pair. In most cases, clients should call the `getReferenceBases()` method to obtain sequence bases for a `Reference` instead of attempting to retrieve this URI.",
            "type": [
                "null",
                "string"
            ]
        },
        "species": {
            "description": "An ontology term describing an attribute.",
            "properties": {
                "term": {
                    "description": "Ontology term - the label of the ontology term the termId is pointing to.",
                    "type": [
                        "null",
                        "string"
                    ]
                },
                "termURI": {
                    "description": "Ontology term identifier - the CURIE for an ontology term. It differs from the standard GA4GH schema's :ref:`id ` in that it is a CURIE pointing to an information resource outside of the scope of the schema or its resource implementation.",
                    "type": [
                        "null",
                        "string"
                    ]
                }
            },
            "required": [
                "term",
                "termURI"
            ],
            "type": [
                "null",
                "object"
            ]
        }
    },
    "required": [
        "additionalInfo",
        "commonCropName",
        "externalReferences",
        "isDerived",
        "length",
        "md5checksum",
        "referenceDbId",
        "referenceName",
        "referenceSetDbId",
        "referenceSetName",
        "sourceAccessions",
        "sourceDivergence",
        "sourceGermplasm",
        "sourceURI",
        "species"
    ],
    "title": "Reference",
    "type": "object"
}