{
    "$schema": "http://json-schema.org/draft-04/schema#",
    "properties": {
        "additionalInfo": {
            "additionalProperties": {
                "type": "string"
            },
            "description": "Additional arbitrary info",
            "type": [
                "null",
                "object"
            ]
        },
        "alternateBases": {
            "description": "The bases that appear instead of the reference bases. Multiple alternate alleles are possible.",
            "items": {
                "type": "string"
            },
            "type": [
                "null",
                "array"
            ]
        },
        "ciend": {
            "description": "Similar to \"cipos\", but for the variant's end position (which is derived from start + svlen).",
            "items": {
                "type": "integer"
            },
            "type": [
                "null",
                "array"
            ]
        },
        "cipos": {
            "description": "In the case of structural variants, start and end of the variant may not\nbe known with an exact base position. \"cipos\" provides an interval with\nhigh confidence for the start position. The interval is provided by 0 or\n2 signed integers which are added to the start position.\nBased on the use in VCF v4.2",
            "items": {
                "type": "integer"
            },
            "type": [
                "null",
                "array"
            ]
        },
        "created": {
            "description": "The timestamp when this variant was created.",
            "format": "date-time",
            "type": [
                "null",
                "string"
            ]
        },
        "end": {
            "description": "This field is optional and may be ignored if there is no relevant map or reference to be associated with.\n<br>The end position (exclusive), resulting in [start, end) closed-open interval. This is typically calculated \nby `start + referenceBases.length`.",
            "type": [
                "null",
                "integer"
            ]
        },
        "externalReferences": {
            "description": "An array of external reference ids. These are references to this piece of data in an external system. Could be a simple string or a URI.",
            "items": {
                "properties": {
                    "referenceId": {
                        "description": "The external reference ID. Could be a simple string or a URI.",
                        "type": [
                            "null",
                            "string"
                        ]
                    },
                    "referenceSource": {
                        "description": "An identifier for the source system or database of this reference",
                        "type": [
                            "null",
                            "string"
                        ]
                    }
                },
                "required": [
                    "referenceId",
                    "referenceSource"
                ],
                "type": "object"
            },
            "title": "ExternalReferences",
            "type": [
                "null",
                "array"
            ]
        },
        "filtersApplied": {
            "description": "True if filters were applied for this variant. VCF column 7 \"FILTER\" any value other than the missing value.",
            "type": [
                "null",
                "boolean"
            ]
        },
        "filtersFailed": {
            "description": "Zero or more filters that failed for this variant. VCF column 7 \"FILTER\" shared across all alleles in the same VCF record.",
            "items": {
                "type": "string"
            },
            "type": [
                "null",
                "array"
            ]
        },
        "filtersPassed": {
            "description": "True if all filters for this variant passed. VCF column 7 \"FILTER\" value PASS.",
            "type": [
                "null",
                "boolean"
            ]
        },
        "referenceBases": {
            "description": "The reference bases for this variant. They start at the given start position.",
            "type": [
                "null",
                "string"
            ]
        },
        "referenceDbId": {
            "description": "The unique identifier for a Reference",
            "type": [
                "null",
                "string"
            ]
        },
        "referenceName": {
            "description": "The reference on which this variant occurs. (e.g. `chr_20` or `X`)",
            "type": [
                "null",
                "string"
            ]
        },
        "referenceSetDbId": {
            "description": "The unique identifier for a ReferenceSet",
            "type": [
                "null",
                "string"
            ]
        },
        "referenceSetName": {
            "description": "The human readable name of the ReferenceSet",
            "type": [
                "null",
                "string"
            ]
        },
        "start": {
            "description": "This field is optional and may be ignored if there is no relevant map or reference to be associated with.\n<br> The start position at which this variant occurs (0-based). This corresponds to the first base of the string \nof reference bases. Genomic positions are non-negative integers less than reference length. Variants spanning \nthe join of circular genomes are represented as two variants one on each side of the join (position 0).",
            "type": [
                "null",
                "integer"
            ]
        },
        "svlen": {
            "description": "Length of the - if labeled as such in variant_type - structural variation. Based on the use in VCF v4.2",
            "type": [
                "null",
                "integer"
            ]
        },
        "updated": {
            "description": "The time at which this variant was last updated.",
            "format": "date-time",
            "type": [
                "null",
                "string"
            ]
        },
        "variantDbId": {
            "description": "The ID which uniquely identifies a `Variant`",
            "type": [
                "null",
                "string"
            ]
        },
        "variantNames": {
            "description": "A human readable name associated with a `Variant`",
            "items": {
                "type": "string"
            },
            "type": [
                "null",
                "array"
            ]
        },
        "variantSetDbId": {
            "description": "An array of `VariantSet` IDs this variant belongs to. This also defines the `ReferenceSet` against which the `Variant` is to be interpreted.",
            "items": {
                "type": "string"
            },
            "type": [
                "null",
                "array"
            ]
        },
        "variantType": {
            "description": "The \"variant_type\" is used to denote e.g. structural variants.\nExamples:\n  DUP  : duplication of sequence following \"start\"\n  DEL  : deletion of sequence following \"start\"",
            "type": [
                "null",
                "string"
            ]
        }
    },
    "required": [
        "additionalInfo",
        "alternateBases",
        "ciend",
        "cipos",
        "created",
        "end",
        "externalReferences",
        "filtersApplied",
        "filtersFailed",
        "filtersPassed",
        "referenceBases",
        "referenceDbId",
        "referenceName",
        "referenceSetDbId",
        "referenceSetName",
        "start",
        "svlen",
        "updated",
        "variantDbId",
        "variantNames",
        "variantSetDbId",
        "variantType"
    ],
    "title": "Variant",
    "type": "object"
}